adduser,3.118ubuntu5,dpkg,munoz_fault,1746182376.489552
apparmor,3.0.4-2ubuntu2.4,dpkg,munoz_fault,1746182376.489552
apt,2.4.13,dpkg,munoz_fault,1746182376.489552
apt-utils,2.4.13,dpkg,munoz_fault,1746182376.489552
aptitude,0.8.13-3ubuntu1,dpkg,munoz_fault,1746182376.489552
aptitude-common,0.8.13-3ubuntu1,dpkg,munoz_fault,1746182376.489552
autoconf,2.71-2,dpkg,munoz_fault,1746182376.489552
automake,1:1.16.5-1.3,dpkg,munoz_fault,1746182376.489552
autotools-dev,20220109.1,dpkg,munoz_fault,1746182376.489552
base-files,12ubuntu4.7,dpkg,munoz_fault,1746182376.489552
base-passwd,3.5.52build1,dpkg,munoz_fault,1746182376.489552
bash,5.1-6ubuntu1.1,dpkg,munoz_fault,1746182376.489552
binutils,2.38-4ubuntu2.8,dpkg,munoz_fault,1746182376.489552
binutils-common:amd64,2.38-4ubuntu2.8,dpkg,munoz_fault,1746182376.489552
binutils-x86-64-linux-gnu,2.38-4ubuntu2.8,dpkg,munoz_fault,1746182376.489552
bridge-utils,1.7-1ubuntu3,dpkg,munoz_fault,1746182376.489552
bsdextrautils,2.37.2-4ubuntu3.4,dpkg,munoz_fault,1746182376.489552
bsdutils,1:2.37.2-4ubuntu3.4,dpkg,munoz_fault,1746182376.489552
build-essential,12.9ubuntu3,dpkg,munoz_fault,1746182376.489552
bzip2,1.0.8-5build1,dpkg,munoz_fault,1746182376.489552
ca-certificates,20240203~22.04.1,dpkg,munoz_fault,1746182376.489552
ca-certificates-java,20190909ubuntu1.2,dpkg,munoz_fault,1746182376.489552
cmake,3.22.1-1ubuntu1.22.04.2,dpkg,munoz_fault,1746182376.489552
cmake-data,3.22.1-1ubuntu1.22.04.2,dpkg,munoz_fault,1746182376.489552
comerr-dev:amd64,2.1-1.46.5-2ubuntu1.2,dpkg,munoz_fault,1746182376.489552
containerd,1.7.24-0ubuntu1~22.04.2,dpkg,munoz_fault,1746182376.489552
coreutils,8.32-4.1ubuntu1.2,dpkg,munoz_fault,1746182376.489552
cpp,4:11.2.0-1ubuntu1,dpkg,munoz_fault,1746182376.489552
cpp-11,11.4.0-1ubuntu1~22.04,dpkg,munoz_fault,1746182376.489552
curl,7.81.0-1ubuntu1.20,dpkg,munoz_fault,1746182376.489552
dash,0.5.11+git20210903+057cd650a4ed-3build1,dpkg,munoz_fault,1746182376.489552
dbus,1.12.20-2ubuntu4.1,dpkg,munoz_fault,1746182376.489552
debconf,1.5.79ubuntu1,dpkg,munoz_fault,1746182376.489552
debianutils,5.5-1ubuntu2,dpkg,munoz_fault,1746182376.489552
default-jdk,2:1.11-72build2,dpkg,munoz_fault,1746182376.489552
default-jdk-headless,2:1.11-72build2,dpkg,munoz_fault,1746182376.489552
default-jre,2:1.11-72build2,dpkg,munoz_fault,1746182376.489552
default-jre-headless,2:1.11-72build2,dpkg,munoz_fault,1746182376.489552
dh-elpa-helper,2.0.9ubuntu1,dpkg,munoz_fault,1746182376.489552
diffutils,1:3.8-0ubuntu2,dpkg,munoz_fault,1746182376.489552
distro-info-data,0.52ubuntu0.9,dpkg,munoz_fault,1746182376.489552
dns-root-data,2024071801~ubuntu0.22.04.1,dpkg,munoz_fault,1746182376.489552
dnsmasq-base,2.90-0ubuntu0.22.04.1,dpkg,munoz_fault,1746182376.489552
docker.io,26.1.3-0ubuntu1~22.04.1,dpkg,munoz_fault,1746182376.489552
doxygen,1.9.1-2ubuntu2,dpkg,munoz_fault,1746182376.489552
dpkg,1.21.1ubuntu2.3,dpkg,munoz_fault,1746182376.489552
dpkg-dev,1.21.1ubuntu2.3,dpkg,munoz_fault,1746182376.489552
e2fsprogs,1.46.5-2ubuntu1.2,dpkg,munoz_fault,1746182376.489552
emacsen-common,3.0.4,dpkg,munoz_fault,1746182376.489552
file,1:5.41-3ubuntu0.1,dpkg,munoz_fault,1746182376.489552
findutils,4.8.0-1ubuntu3,dpkg,munoz_fault,1746182376.489552
fontconfig-config,2.13.1-4.2ubuntu5,dpkg,munoz_fault,1746182376.489552
fonts-dejavu-core,2.37-2build1,dpkg,munoz_fault,1746182376.489552
fonts-font-awesome,5.0.10+really4.7.0~dfsg-4.1,dpkg,munoz_fault,1746182376.489552
fonts-glyphicons-halflings,1.009~3.4.1+dfsg-2,dpkg,munoz_fault,1746182376.489552
fonts-mathjax,2.7.9+dfsg-1,dpkg,munoz_fault,1746182376.489552
fuse,2.9.9-5ubuntu3,dpkg,munoz_fault,1746182376.489552
g++,4:11.2.0-1ubuntu1,dpkg,munoz_fault,1746182376.489552
g++-11,11.4.0-1ubuntu1~22.04,dpkg,munoz_fault,1746182376.489552
gcc,4:11.2.0-1ubuntu1,dpkg,munoz_fault,1746182376.489552
gcc-11,11.4.0-1ubuntu1~22.04,dpkg,munoz_fault,1746182376.489552
gcc-11-base:amd64,11.4.0-1ubuntu1~22.04,dpkg,munoz_fault,1746182376.489552
gcc-12-base:amd64,12.3.0-1ubuntu1~22.04,dpkg,munoz_fault,1746182376.489552
gdb,12.1-0ubuntu1~22.04.2,dpkg,munoz_fault,1746182376.489552
gir1.2-glib-2.0:amd64,1.72.0-1,dpkg,munoz_fault,1746182376.489552
gir1.2-packagekitglib-1.0,1.2.5-2ubuntu3,dpkg,munoz_fault,1746182376.489552
git,1:2.34.1-1ubuntu1.12,dpkg,munoz_fault,1746182376.489552
git-man,1:2.34.1-1ubuntu1.12,dpkg,munoz_fault,1746182376.489552
gpg,2.2.27-3ubuntu2.3,dpkg,munoz_fault,1746182376.489552
gpg-agent,2.2.27-3ubuntu2.3,dpkg,munoz_fault,1746182376.489552
gpgconf,2.2.27-3ubuntu2.3,dpkg,munoz_fault,1746182376.489552
gpgv,2.2.27-3ubuntu2.3,dpkg,munoz_fault,1746182376.489552
grep,3.7-1build1,dpkg,munoz_fault,1746182376.489552
groff-base,1.22.4-8build1,dpkg,munoz_fault,1746182376.489552
gzip,1.10-4ubuntu4.1,dpkg,munoz_fault,1746182376.489552
hdf5-helpers,1.10.7+repack-4ubuntu2,dpkg,munoz_fault,1746182376.489552
hicolor-icon-theme,0.17-2,dpkg,munoz_fault,1746182376.489552
hostname,3.23ubuntu2,dpkg,munoz_fault,1746182376.489552
hping3,3.a2.ds2-10,dpkg,munoz_fault,1746182376.489552
htop,3.0.5-7build2,dpkg,munoz_fault,1746182376.489552
ibverbs-providers:amd64,39.0-1,dpkg,munoz_fault,1746182376.489552
icu-devtools,70.1-2,dpkg,munoz_fault,1746182376.489552
iftop,1.0~pre4-7,dpkg,munoz_fault,1746182376.489552
imagemagick,8:6.9.11.60+dfsg-1.3ubuntu0.22.04.5,dpkg,munoz_fault,1746182376.489552
imagemagick-6-common,8:6.9.11.60+dfsg-1.3ubuntu0.22.04.5,dpkg,munoz_fault,1746182376.489552
imagemagick-6.q16,8:6.9.11.60+dfsg-1.3ubuntu0.22.04.5,dpkg,munoz_fault,1746182376.489552
inetutils-ping,2:2.2-2ubuntu0.1,dpkg,munoz_fault,1746182376.489552
init-system-helpers,1.62,dpkg,munoz_fault,1746182376.489552
iproute2,5.15.0-1ubuntu2,dpkg,munoz_fault,1746182376.489552
iptables,1.8.7-1ubuntu5.2,dpkg,munoz_fault,1746182376.489552
iso-codes,4.9.0-1,dpkg,munoz_fault,1746182376.489552
java-common,0.72build2,dpkg,munoz_fault,1746182376.489552
jq,1.6-2.1ubuntu3,dpkg,munoz_fault,1746182376.489552
jupyter-core,4.9.1-1,dpkg,munoz_fault,1746182376.489552
jupyter-notebook,6.4.8-1ubuntu0.1,dpkg,munoz_fault,1746182376.489552
keyutils,1.6.1-2ubuntu3,dpkg,munoz_fault,1746182376.489552
kmod,29-1ubuntu1,dpkg,munoz_fault,1746182376.489552
krb5-multidev:amd64,1.19.2-2ubuntu0.6,dpkg,munoz_fault,1746182376.489552
libacl1:amd64,2.3.1-1,dpkg,munoz_fault,1746182376.489552
libaec-dev:amd64,1.0.6-1,dpkg,munoz_fault,1746182376.489552
libaec0:amd64,1.0.6-1,dpkg,munoz_fault,1746182376.489552
libaom3:amd64,3.3.0-1ubuntu0.1,dpkg,munoz_fault,1746182376.489552
libapparmor1:amd64,3.0.4-2ubuntu2.4,dpkg,munoz_fault,1746182376.489552
libappstream4:amd64,0.15.2-2,dpkg,munoz_fault,1746182376.489552
libapr1:amd64,1.7.0-8ubuntu0.22.04.2,dpkg,munoz_fault,1746182376.489552
libaprutil1:amd64,1.6.1-5ubuntu4.22.04.2,dpkg,munoz_fault,1746182376.489552
libapt-pkg6.0:amd64,2.4.13,dpkg,munoz_fault,1746182376.489552
libarchive13:amd64,3.6.0-1ubuntu1.4,dpkg,munoz_fault,1746182376.489552
libargon2-1:amd64,0~20171227-0.3,dpkg,munoz_fault,1746182376.489552
libasan6:amd64,11.4.0-1ubuntu1~22.04,dpkg,munoz_fault,1746182376.489552
libasound2:amd64,1.2.6.1-1ubuntu1,dpkg,munoz_fault,1746182376.489552
libasound2-data,1.2.6.1-1ubuntu1,dpkg,munoz_fault,1746182376.489552
libassuan0:amd64,2.5.5-1build1,dpkg,munoz_fault,1746182376.489552
libatm1:amd64,1:2.5.1-4build2,dpkg,munoz_fault,1746182376.489552
libatomic1:amd64,12.3.0-1ubuntu1~22.04,dpkg,munoz_fault,1746182376.489552
libattr1:amd64,1:2.5.1-1build1,dpkg,munoz_fault,1746182376.489552
libaudit-common,1:3.0.7-1build1,dpkg,munoz_fault,1746182376.489552
libaudit1:amd64,1:3.0.7-1build1,dpkg,munoz_fault,1746182376.489552
libavahi-client3:amd64,0.8-5ubuntu5.2,dpkg,munoz_fault,1746182376.489552
libavahi-common-data:amd64,0.8-5ubuntu5.2,dpkg,munoz_fault,1746182376.489552
libavahi-common3:amd64,0.8-5ubuntu5.2,dpkg,munoz_fault,1746182376.489552
libbabeltrace1:amd64,1.5.8-2build1,dpkg,munoz_fault,1746182376.489552
libbinutils:amd64,2.38-4ubuntu2.8,dpkg,munoz_fault,1746182376.489552
libblas3:amd64,3.10.0-2ubuntu1,dpkg,munoz_fault,1746182376.489552
libblkid1:amd64,2.37.2-4ubuntu3.4,dpkg,munoz_fault,1746182376.489552
libboost-iostreams1.74.0:amd64,1.74.0-14ubuntu3,dpkg,munoz_fault,1746182376.489552
libboost-regex1.74.0:amd64,1.74.0-14ubuntu3,dpkg,munoz_fault,1746182376.489552
libbpf0:amd64,1:0.5.0-1ubuntu22.04.1,dpkg,munoz_fault,1746182376.489552
libbrotli-dev:amd64,1.0.9-2build6,dpkg,munoz_fault,1746182376.489552
libbrotli1:amd64,1.0.9-2build6,dpkg,munoz_fault,1746182376.489552
libbsd-dev:amd64,0.11.5-1,dpkg,munoz_fault,1746182376.489552
libbsd0:amd64,0.11.5-1,dpkg,munoz_fault,1746182376.489552
libbz2-1.0:amd64,1.0.8-5build1,dpkg,munoz_fault,1746182376.489552
libc-bin,2.35-0ubuntu3.9,dpkg,munoz_fault,1746182376.489552
libc-dev-bin,2.35-0ubuntu3.9,dpkg,munoz_fault,1746182376.489552
libc6:amd64,2.35-0ubuntu3.9,dpkg,munoz_fault,1746182376.489552
libc6-dbg:amd64,2.35-0ubuntu3.9,dpkg,munoz_fault,1746182376.489552
libc6-dev:amd64,2.35-0ubuntu3.9,dpkg,munoz_fault,1746182376.489552
libc6-i386,2.35-0ubuntu3.9,dpkg,munoz_fault,1746182376.489552
libcap-ng0:amd64,0.7.9-2.2build3,dpkg,munoz_fault,1746182376.489552
libcap2:amd64,1:2.44-1ubuntu0.22.04.2,dpkg,munoz_fault,1746182376.489552
libcap2-bin,1:2.44-1ubuntu0.22.04.2,dpkg,munoz_fault,1746182376.489552
libcbor0.8:amd64,0.8.0-2ubuntu1,dpkg,munoz_fault,1746182376.489552
libcc1-0:amd64,12.3.0-1ubuntu1~22.04,dpkg,munoz_fault,1746182376.489552
libclang-cpp14,1:14.0.0-1ubuntu1.1,dpkg,munoz_fault,1746182376.489552
libclang1-14,1:14.0.0-1ubuntu1.1,dpkg,munoz_fault,1746182376.489552
libcom-err2:amd64,1.46.5-2ubuntu1.2,dpkg,munoz_fault,1746182376.489552
libcrypt-dev:amd64,1:4.4.27-1,dpkg,munoz_fault,1746182376.489552
libcrypt1:amd64,1:4.4.27-1,dpkg,munoz_fault,1746182376.489552
libcryptsetup12:amd64,2:2.4.3-1ubuntu1.3,dpkg,munoz_fault,1746182376.489552
libctf-nobfd0:amd64,2.38-4ubuntu2.8,dpkg,munoz_fault,1746182376.489552
libctf0:amd64,2.38-4ubuntu2.8,dpkg,munoz_fault,1746182376.489552
libcups2:amd64,2.4.1op1-1ubuntu4.11,dpkg,munoz_fault,1746182376.489552
libcurl3-gnutls:amd64,7.81.0-1ubuntu1.20,dpkg,munoz_fault,1746182376.489552
libcurl4:amd64,7.81.0-1ubuntu1.20,dpkg,munoz_fault,1746182376.489552
libcurl4-openssl-dev:amd64,7.81.0-1ubuntu1.20,dpkg,munoz_fault,1746182376.489552
libcwidget4:amd64,0.5.18-5build1,dpkg,munoz_fault,1746182376.489552
libdav1d5:amd64,0.9.2-1,dpkg,munoz_fault,1746182376.489552
libdb5.3:amd64,5.3.28+dfsg1-0.8ubuntu3,dpkg,munoz_fault,1746182376.489552
libdbus-1-3:amd64,1.12.20-2ubuntu4.1,dpkg,munoz_fault,1746182376.489552
libde265-0:amd64,1.0.8-1ubuntu0.3,dpkg,munoz_fault,1746182376.489552
libdebconfclient0:amd64,0.261ubuntu1,dpkg,munoz_fault,1746182376.489552
libdebuginfod-common,0.186-1ubuntu0.1,dpkg,munoz_fault,1746182376.489552
libdebuginfod1:amd64,0.186-1ubuntu0.1,dpkg,munoz_fault,1746182376.489552
libdeflate0:amd64,1.10-2,dpkg,munoz_fault,1746182376.489552
libdevmapper1.02.1:amd64,2:1.02.175-2.1ubuntu5,dpkg,munoz_fault,1746182376.489552
libdpkg-perl,1.21.1ubuntu2.3,dpkg,munoz_fault,1746182376.489552
libdrm-amdgpu1:amd64,2.4.113-2~ubuntu0.22.04.1,dpkg,munoz_fault,1746182376.489552
libdrm-common,2.4.113-2~ubuntu0.22.04.1,dpkg,munoz_fault,1746182376.489552
libdrm-intel1:amd64,2.4.113-2~ubuntu0.22.04.1,dpkg,munoz_fault,1746182376.489552
libdrm-nouveau2:amd64,2.4.113-2~ubuntu0.22.04.1,dpkg,munoz_fault,1746182376.489552
libdrm-radeon1:amd64,2.4.113-2~ubuntu0.22.04.1,dpkg,munoz_fault,1746182376.489552
libdrm2:amd64,2.4.113-2~ubuntu0.22.04.1,dpkg,munoz_fault,1746182376.489552
libdw1:amd64,0.186-1ubuntu0.1,dpkg,munoz_fault,1746182376.489552
libedit2:amd64,3.1-20210910-1build1,dpkg,munoz_fault,1746182376.489552
libelf1:amd64,0.186-1ubuntu0.1,dpkg,munoz_fault,1746182376.489552
liberror-perl,0.17029-1,dpkg,munoz_fault,1746182376.489552
libevent-core-2.1-7:amd64,2.1.12-stable-1build3,dpkg,munoz_fault,1746182376.489552
libexpat1:amd64,2.4.7-1ubuntu0.6,dpkg,munoz_fault,1746182376.489552
libext2fs2:amd64,1.46.5-2ubuntu1.2,dpkg,munoz_fault,1746182376.489552
libffi8:amd64,3.4.2-4,dpkg,munoz_fault,1746182376.489552
libfftw3-double3:amd64,3.3.8-2ubuntu8,dpkg,munoz_fault,1746182376.489552
libfido2-1:amd64,1.10.0-1,dpkg,munoz_fault,1746182376.489552
libfontconfig1:amd64,2.13.1-4.2ubuntu5,dpkg,munoz_fault,1746182376.489552
libfreetype-dev:amd64,2.11.1+dfsg-1ubuntu0.3,dpkg,munoz_fault,1746182376.489552
libfreetype6:amd64,2.11.1+dfsg-1ubuntu0.3,dpkg,munoz_fault,1746182376.489552
libfreetype6-dev:amd64,2.11.1+dfsg-1ubuntu0.3,dpkg,munoz_fault,1746182376.489552
libfuse-dev:amd64,2.9.9-5ubuntu3,dpkg,munoz_fault,1746182376.489552
libfuse2:amd64,2.9.9-5ubuntu3,dpkg,munoz_fault,1746182376.489552
libgcc-11-dev:amd64,11.4.0-1ubuntu1~22.04,dpkg,munoz_fault,1746182376.489552
libgcc-s1:amd64,12.3.0-1ubuntu1~22.04,dpkg,munoz_fault,1746182376.489552
libgcrypt20:amd64,1.9.4-3ubuntu3,dpkg,munoz_fault,1746182376.489552
libgdbm-compat4:amd64,1.23-1,dpkg,munoz_fault,1746182376.489552
libgdbm6:amd64,1.23-1,dpkg,munoz_fault,1746182376.489552
libgfortran5:amd64,12.3.0-1ubuntu1~22.04,dpkg,munoz_fault,1746182376.489552
libgif7:amd64,5.1.9-2ubuntu0.1,dpkg,munoz_fault,1746182376.489552
libgirepository-1.0-1:amd64,1.72.0-1,dpkg,munoz_fault,1746182376.489552
libgl1:amd64,1.4.0-1,dpkg,munoz_fault,1746182376.489552
libgl1-mesa-dri:amd64,23.2.1-1ubuntu3.1~22.04.3,dpkg,munoz_fault,1746182376.489552
libglapi-mesa:amd64,23.2.1-1ubuntu3.1~22.04.3,dpkg,munoz_fault,1746182376.489552
libglib2.0-0:amd64,2.72.4-0ubuntu2.4,dpkg,munoz_fault,1746182376.489552
libglib2.0-bin,2.72.4-0ubuntu2.4,dpkg,munoz_fault,1746182376.489552
libglib2.0-data,2.72.4-0ubuntu2.4,dpkg,munoz_fault,1746182376.489552
libglvnd0:amd64,1.4.0-1,dpkg,munoz_fault,1746182376.489552
libglx-mesa0:amd64,23.2.1-1ubuntu3.1~22.04.3,dpkg,munoz_fault,1746182376.489552
libglx0:amd64,1.4.0-1,dpkg,munoz_fault,1746182376.489552
libgmp10:amd64,2:6.2.1+dfsg-3ubuntu1,dpkg,munoz_fault,1746182376.489552
libgnutls30:amd64,3.7.3-4ubuntu1.6,dpkg,munoz_fault,1746182376.489552
libgomp1:amd64,12.3.0-1ubuntu1~22.04,dpkg,munoz_fault,1746182376.489552
libgpg-error0:amd64,1.43-3,dpkg,munoz_fault,1746182376.489552
libgpm2:amd64,1.20.7-10build1,dpkg,munoz_fault,1746182376.489552
libgraphite2-3:amd64,1.3.14-1build2,dpkg,munoz_fault,1746182376.489552
libgssapi-krb5-2:amd64,1.19.2-2ubuntu0.6,dpkg,munoz_fault,1746182376.489552
libgssrpc4:amd64,1.19.2-2ubuntu0.6,dpkg,munoz_fault,1746182376.489552
libgstreamer1.0-0:amd64,1.20.3-0ubuntu1.1,dpkg,munoz_fault,1746182376.489552
libharfbuzz0b:amd64,2.7.4-1ubuntu3.2,dpkg,munoz_fault,1746182376.489552
libhdf5-103-1:amd64,1.10.7+repack-4ubuntu2,dpkg,munoz_fault,1746182376.489552
libhdf5-cpp-103-1:amd64,1.10.7+repack-4ubuntu2,dpkg,munoz_fault,1746182376.489552
libhdf5-dev,1.10.7+repack-4ubuntu2,dpkg,munoz_fault,1746182376.489552
libhdf5-fortran-102:amd64,1.10.7+repack-4ubuntu2,dpkg,munoz_fault,1746182376.489552
libhdf5-hl-100:amd64,1.10.7+repack-4ubuntu2,dpkg,munoz_fault,1746182376.489552
libhdf5-hl-cpp-100:amd64,1.10.7+repack-4ubuntu2,dpkg,munoz_fault,1746182376.489552
libhdf5-hl-fortran-100:amd64,1.10.7+repack-4ubuntu2,dpkg,munoz_fault,1746182376.489552
libheif1:amd64,1.12.0-2build1,dpkg,munoz_fault,1746182376.489552
libhogweed6:amd64,3.7.3-1build2,dpkg,munoz_fault,1746182376.489552
libibverbs1:amd64,39.0-1,dpkg,munoz_fault,1746182376.489552
libicu-dev:amd64,70.1-2,dpkg,munoz_fault,1746182376.489552
libicu70:amd64,70.1-2,dpkg,munoz_fault,1746182376.489552
libidn2-0:amd64,2.3.2-2build1,dpkg,munoz_fault,1746182376.489552
libip4tc2:amd64,1.8.7-1ubuntu5.2,dpkg,munoz_fault,1746182376.489552
libip6tc2:amd64,1.8.7-1ubuntu5.2,dpkg,munoz_fault,1746182376.489552
libipt2,2.0.5-1,dpkg,munoz_fault,1746182376.489552
libisl23:amd64,0.24-2build1,dpkg,munoz_fault,1746182376.489552
libitm1:amd64,12.3.0-1ubuntu1~22.04,dpkg,munoz_fault,1746182376.489552
libjbig0:amd64,2.1-3.1ubuntu0.22.04.1,dpkg,munoz_fault,1746182376.489552
libjpeg-dev:amd64,8c-2ubuntu10,dpkg,munoz_fault,1746182376.489552
libjpeg-turbo8:amd64,2.1.2-0ubuntu1,dpkg,munoz_fault,1746182376.489552
libjpeg-turbo8-dev:amd64,2.1.2-0ubuntu1,dpkg,munoz_fault,1746182376.489552
libjpeg8:amd64,8c-2ubuntu10,dpkg,munoz_fault,1746182376.489552
libjpeg8-dev:amd64,8c-2ubuntu10,dpkg,munoz_fault,1746182376.489552
libjq1:amd64,1.6-2.1ubuntu3,dpkg,munoz_fault,1746182376.489552
libjs-backbone,1.4.0~dfsg+~1.4.5-2,dpkg,munoz_fault,1746182376.489552
libjs-bootstrap,3.4.1+dfsg-2,dpkg,munoz_fault,1746182376.489552
libjs-bootstrap-tour,0.12.0+dfsg-3,dpkg,munoz_fault,1746182376.489552
libjs-codemirror,5.65.0+~cs5.83.9-1,dpkg,munoz_fault,1746182376.489552
libjs-es6-promise,4.2.8-9,dpkg,munoz_fault,1746182376.489552
libjs-jed,1.1.1-3,dpkg,munoz_fault,1746182376.489552
libjs-jquery,3.6.0+dfsg+~3.5.13-1,dpkg,munoz_fault,1746182376.489552
libjs-jquery-typeahead,2.11.0+dfsg1-3,dpkg,munoz_fault,1746182376.489552
libjs-jquery-ui,1.13.1+dfsg-1,dpkg,munoz_fault,1746182376.489552
libjs-marked,4.0.12+ds+~4.0.1-2ubuntu2,dpkg,munoz_fault,1746182376.489552
libjs-mathjax,2.7.9+dfsg-1,dpkg,munoz_fault,1746182376.489552
libjs-moment,2.29.1+ds-3ubuntu0.2,dpkg,munoz_fault,1746182376.489552
libjs-requirejs,2.3.6+ds-1,dpkg,munoz_fault,1746182376.489552
libjs-requirejs-text,2.0.12-1.1,dpkg,munoz_fault,1746182376.489552
libjs-text-encoding,0.7.0-4,dpkg,munoz_fault,1746182376.489552
libjs-underscore,1.13.2~dfsg-2,dpkg,munoz_fault,1746182376.489552
libjs-xterm,3.8.1+~cs0.9.0-1,dpkg,munoz_fault,1746182376.489552
libjson-c-dev:amd64,0.15-3~ubuntu1.22.04.2,dpkg,munoz_fault,1746182376.489552
libjson-c5:amd64,0.15-3~ubuntu1.22.04.2,dpkg,munoz_fault,1746182376.489552
libjsoncpp25:amd64,1.9.5-3,dpkg,munoz_fault,1746182376.489552
libk5crypto3:amd64,1.19.2-2ubuntu0.6,dpkg,munoz_fault,1746182376.489552
libkadm5clnt-mit12:amd64,1.19.2-2ubuntu0.6,dpkg,munoz_fault,1746182376.489552
libkadm5srv-mit12:amd64,1.19.2-2ubuntu0.6,dpkg,munoz_fault,1746182376.489552
libkdb5-10:amd64,1.19.2-2ubuntu0.6,dpkg,munoz_fault,1746182376.489552
libkeyutils1:amd64,1.6.1-2ubuntu3,dpkg,munoz_fault,1746182376.489552
libkmod2:amd64,29-1ubuntu1,dpkg,munoz_fault,1746182376.489552
libkrb5-3:amd64,1.19.2-2ubuntu0.6,dpkg,munoz_fault,1746182376.489552
libkrb5-dev:amd64,1.19.2-2ubuntu0.6,dpkg,munoz_fault,1746182376.489552
libkrb5support0:amd64,1.19.2-2ubuntu0.6,dpkg,munoz_fault,1746182376.489552
liblcms2-2:amd64,2.12~rc1-2build2,dpkg,munoz_fault,1746182376.489552
libldap-2.5-0:amd64,2.5.18+dfsg-0ubuntu0.22.04.3,dpkg,munoz_fault,1746182376.489552
liblinear4:amd64,2.3.0+dfsg-5,dpkg,munoz_fault,1746182376.489552
libllvm14:amd64,1:14.0.0-1ubuntu1.1,dpkg,munoz_fault,1746182376.489552
libllvm15:amd64,1:15.0.7-0ubuntu0.22.04.3,dpkg,munoz_fault,1746182376.489552
liblqr-1-0:amd64,0.4.2-2.1,dpkg,munoz_fault,1746182376.489552
liblsan0:amd64,12.3.0-1ubuntu1~22.04,dpkg,munoz_fault,1746182376.489552
libltdl7:amd64,2.4.6-15build2,dpkg,munoz_fault,1746182376.489552
liblua5.3-0:amd64,5.3.6-1build1,dpkg,munoz_fault,1746182376.489552
liblz4-1:amd64,1.9.3-2build2,dpkg,munoz_fault,1746182376.489552
liblzma5:amd64,5.2.5-2ubuntu1,dpkg,munoz_fault,1746182376.489552
libmagic-mgc,1:5.41-3ubuntu0.1,dpkg,munoz_fault,1746182376.489552
libmagic1:amd64,1:5.41-3ubuntu0.1,dpkg,munoz_fault,1746182376.489552
libmagickcore-6.q16-6:amd64,8:6.9.11.60+dfsg-1.3ubuntu0.22.04.5,dpkg,munoz_fault,1746182376.489552
libmagickwand-6.q16-6:amd64,8:6.9.11.60+dfsg-1.3ubuntu0.22.04.5,dpkg,munoz_fault,1746182376.489552
libmd-dev:amd64,1.0.4-1build1,dpkg,munoz_fault,1746182376.489552
libmd0:amd64,1.0.4-1build1,dpkg,munoz_fault,1746182376.489552
libmnl0:amd64,1.0.4-3build2,dpkg,munoz_fault,1746182376.489552
libmosquitto-dev:amd64,2.0.11-1ubuntu1.2,dpkg,munoz_fault,1746182376.489552
libmosquitto1:amd64,2.0.11-1ubuntu1.2,dpkg,munoz_fault,1746182376.489552
libmount1:amd64,2.37.2-4ubuntu3.4,dpkg,munoz_fault,1746182376.489552
libmpc3:amd64,1.2.1-2build1,dpkg,munoz_fault,1746182376.489552
libmpdec3:amd64,2.5.1-2build2,dpkg,munoz_fault,1746182376.489552
libmpfr6:amd64,4.1.0-3build3,dpkg,munoz_fault,1746182376.489552
libmxml-dev:amd64,3.3-1,dpkg,munoz_fault,1746182376.489552
libmxml1:amd64,3.3-1,dpkg,munoz_fault,1746182376.489552
libncurses6:amd64,6.3-2ubuntu0.1,dpkg,munoz_fault,1746182376.489552
libncursesw6:amd64,6.3-2ubuntu0.1,dpkg,munoz_fault,1746182376.489552
libnetfilter-conntrack3:amd64,1.0.9-1,dpkg,munoz_fault,1746182376.489552
libnettle8:amd64,3.7.3-1build2,dpkg,munoz_fault,1746182376.489552
libnfnetlink0:amd64,1.0.1-3build3,dpkg,munoz_fault,1746182376.489552
libnfsidmap1:amd64,1:2.6.1-1ubuntu1.2,dpkg,munoz_fault,1746182376.489552
libnftnl11:amd64,1.2.1-1build1,dpkg,munoz_fault,1746182376.489552
libnghttp2-14:amd64,1.43.0-1ubuntu0.2,dpkg,munoz_fault,1746182376.489552
libnl-3-200:amd64,3.5.0-0.1,dpkg,munoz_fault,1746182376.489552
libnl-genl-3-200:amd64,3.5.0-0.1,dpkg,munoz_fault,1746182376.489552
libnl-route-3-200:amd64,3.5.0-0.1,dpkg,munoz_fault,1746182376.489552
libnorm-dev:amd64,1.5.9+dfsg-2,dpkg,munoz_fault,1746182376.489552
libnorm1:amd64,1.5.9+dfsg-2,dpkg,munoz_fault,1746182376.489552
libnpth0:amd64,1.6-3build2,dpkg,munoz_fault,1746182376.489552
libnsl-dev:amd64,1.3.0-2build2,dpkg,munoz_fault,1746182376.489552
libnsl2:amd64,1.3.0-2build2,dpkg,munoz_fault,1746182376.489552
libnspr4:amd64,2:4.35-0ubuntu0.22.04.1,dpkg,munoz_fault,1746182376.489552
libnss3:amd64,2:3.98-0ubuntu0.22.04.2,dpkg,munoz_fault,1746182376.489552
libnuma1:amd64,2.0.14-3ubuntu2,dpkg,munoz_fault,1746182376.489552
libonig5:amd64,6.9.7.1-2build1,dpkg,munoz_fault,1746182376.489552
libopenjp2-7:amd64,2.4.0-6ubuntu0.3,dpkg,munoz_fault,1746182376.489552
libp11-kit0:amd64,0.24.0-6build1,dpkg,munoz_fault,1746182376.489552
libpackagekit-glib2-18:amd64,1.2.5-2ubuntu3,dpkg,munoz_fault,1746182376.489552
libpam-modules:amd64,1.4.0-11ubuntu2.5,dpkg,munoz_fault,1746182376.489552
libpam-modules-bin,1.4.0-11ubuntu2.5,dpkg,munoz_fault,1746182376.489552
libpam-runtime,1.4.0-11ubuntu2.5,dpkg,munoz_fault,1746182376.489552
libpam-systemd:amd64,249.11-0ubuntu3.15,dpkg,munoz_fault,1746182376.489552
libpam0g:amd64,1.4.0-11ubuntu2.5,dpkg,munoz_fault,1746182376.489552
libpcap0.8:amd64,1.10.1-4ubuntu1.22.04.1,dpkg,munoz_fault,1746182376.489552
libpciaccess0:amd64,0.16-3,dpkg,munoz_fault,1746182376.489552
libpcre2-16-0:amd64,10.39-3ubuntu0.1,dpkg,munoz_fault,1746182376.489552
libpcre2-32-0:amd64,10.39-3ubuntu0.1,dpkg,munoz_fault,1746182376.489552
libpcre2-8-0:amd64,10.39-3ubuntu0.1,dpkg,munoz_fault,1746182376.489552
libpcre2-dev:amd64,10.39-3ubuntu0.1,dpkg,munoz_fault,1746182376.489552
libpcre2-posix3:amd64,10.39-3ubuntu0.1,dpkg,munoz_fault,1746182376.489552
libpcre3:amd64,2:8.39-13ubuntu0.22.04.1,dpkg,munoz_fault,1746182376.489552
libpcsclite1:amd64,1.9.5-3ubuntu1,dpkg,munoz_fault,1746182376.489552
libperl5.34:amd64,5.34.0-3ubuntu1.4,dpkg,munoz_fault,1746182376.489552
libpgm-5.3-0:amd64,5.3.128~dfsg-2,dpkg,munoz_fault,1746182376.489552
libpgm-dev:amd64,5.3.128~dfsg-2,dpkg,munoz_fault,1746182376.489552
libpipeline1:amd64,1.5.5-1,dpkg,munoz_fault,1746182376.489552
libpng-dev:amd64,1.6.37-3build5,dpkg,munoz_fault,1746182376.489552
libpng16-16:amd64,1.6.37-3build5,dpkg,munoz_fault,1746182376.489552
libpolkit-agent-1-0:amd64,0.105-33,dpkg,munoz_fault,1746182376.489552
libpolkit-gobject-1-0:amd64,0.105-33,dpkg,munoz_fault,1746182376.489552
libpopt0:amd64,1.18-3build1,dpkg,munoz_fault,1746182376.489552
libprocps8:amd64,2:3.3.17-6ubuntu2.1,dpkg,munoz_fault,1746182376.489552
libpsl5:amd64,0.21.0-1.2build2,dpkg,munoz_fault,1746182376.489552
libpython3-stdlib:amd64,3.10.6-1~22.04.1,dpkg,munoz_fault,1746182376.489552
libpython3.10:amd64,3.10.12-1~22.04.9,dpkg,munoz_fault,1746182376.489552
libpython3.10-minimal:amd64,3.10.12-1~22.04.9,dpkg,munoz_fault,1746182376.489552
libpython3.10-stdlib:amd64,3.10.12-1~22.04.9,dpkg,munoz_fault,1746182376.489552
libquadmath0:amd64,12.3.0-1ubuntu1~22.04,dpkg,munoz_fault,1746182376.489552
librdmacm1:amd64,39.0-1,dpkg,munoz_fault,1746182376.489552
libreadline8:amd64,8.1.2-1,dpkg,munoz_fault,1746182376.489552
librhash0:amd64,1.4.2-1ubuntu1,dpkg,munoz_fault,1746182376.489552
librtmp1:amd64,2.4+20151223.gitfa8646d.1-2build4,dpkg,munoz_fault,1746182376.489552
libsasl2-2:amd64,2.1.27+dfsg2-3ubuntu1.2,dpkg,munoz_fault,1746182376.489552
libsasl2-modules-db:amd64,2.1.27+dfsg2-3ubuntu1.2,dpkg,munoz_fault,1746182376.489552
libseccomp2:amd64,2.5.3-2ubuntu3~22.04.1,dpkg,munoz_fault,1746182376.489552
libselinux1:amd64,3.3-1build2,dpkg,munoz_fault,1746182376.489552
libselinux1-dev:amd64,3.3-1build2,dpkg,munoz_fault,1746182376.489552
libsemanage-common,3.3-1build2,dpkg,munoz_fault,1746182376.489552
libsemanage2:amd64,3.3-1build2,dpkg,munoz_fault,1746182376.489552
libsensors-config,1:3.6.0-7ubuntu1,dpkg,munoz_fault,1746182376.489552
libsensors5:amd64,1:3.6.0-7ubuntu1,dpkg,munoz_fault,1746182376.489552
libsepol-dev:amd64,3.3-1build1,dpkg,munoz_fault,1746182376.489552
libsepol2:amd64,3.3-1build1,dpkg,munoz_fault,1746182376.489552
libserf-1-1:amd64,1.3.9-10ubuntu2,dpkg,munoz_fault,1746182376.489552
libsigc++-2.0-0v5:amd64,2.10.4-2ubuntu3,dpkg,munoz_fault,1746182376.489552
libsigsegv2:amd64,2.13-1ubuntu3,dpkg,munoz_fault,1746182376.489552
libsmartcols1:amd64,2.37.2-4ubuntu3.4,dpkg,munoz_fault,1746182376.489552
libsodium-dev:amd64,1.0.18-1build2,dpkg,munoz_fault,1746182376.489552
libsodium23:amd64,1.0.18-1build2,dpkg,munoz_fault,1746182376.489552
libsource-highlight-common,3.1.9-4.1build2,dpkg,munoz_fault,1746182376.489552
libsource-highlight4v5,3.1.9-4.1build2,dpkg,munoz_fault,1746182376.489552
libsqlite3-0:amd64,3.37.2-2ubuntu0.3,dpkg,munoz_fault,1746182376.489552
libss2:amd64,1.46.5-2ubuntu1.2,dpkg,munoz_fault,1746182376.489552
libssh-4:amd64,0.9.6-2ubuntu0.22.04.3,dpkg,munoz_fault,1746182376.489552
libssl-dev:amd64,3.0.2-0ubuntu1.19,dpkg,munoz_fault,1746182376.489552
libssl3:amd64,3.0.2-0ubuntu1.19,dpkg,munoz_fault,1746182376.489552
libstdc++-11-dev:amd64,11.4.0-1ubuntu1~22.04,dpkg,munoz_fault,1746182376.489552
libstdc++6:amd64,12.3.0-1ubuntu1~22.04,dpkg,munoz_fault,1746182376.489552
libstemmer0d:amd64,2.2.0-1build1,dpkg,munoz_fault,1746182376.489552
libsvn1:amd64,1.14.1-3ubuntu0.22.04.1,dpkg,munoz_fault,1746182376.489552
libsystemd0:amd64,249.11-0ubuntu3.15,dpkg,munoz_fault,1746182376.489552
libsz2:amd64,1.0.6-1,dpkg,munoz_fault,1746182376.489552
libtasn1-6:amd64,4.18.0-4ubuntu0.1,dpkg,munoz_fault,1746182376.489552
libtcl8.6:amd64,8.6.12+dfsg-1build1,dpkg,munoz_fault,1746182376.489552
libtiff5:amd64,4.3.0-6ubuntu0.10,dpkg,munoz_fault,1746182376.489552
libtinfo6:amd64,6.3-2ubuntu0.1,dpkg,munoz_fault,1746182376.489552
libtirpc-common,1.3.2-2ubuntu0.1,dpkg,munoz_fault,1746182376.489552
libtirpc-dev:amd64,1.3.2-2ubuntu0.1,dpkg,munoz_fault,1746182376.489552
libtirpc3:amd64,1.3.2-2ubuntu0.1,dpkg,munoz_fault,1746182376.489552
libtool,2.4.6-15build2,dpkg,munoz_fault,1746182376.489552
libtsan0:amd64,11.4.0-1ubuntu1~22.04,dpkg,munoz_fault,1746182376.489552
libubsan1:amd64,12.3.0-1ubuntu1~22.04,dpkg,munoz_fault,1746182376.489552
libuchardet0:amd64,0.0.7-1build2,dpkg,munoz_fault,1746182376.489552
libudev1:amd64,249.11-0ubuntu3.15,dpkg,munoz_fault,1746182376.489552
libunistring2:amd64,1.0-1,dpkg,munoz_fault,1746182376.489552
libunwind8:amd64,1.3.2-2build2.1,dpkg,munoz_fault,1746182376.489552
libutf8proc2:amd64,2.7.0-3,dpkg,munoz_fault,1746182376.489552
libuuid1:amd64,2.37.2-4ubuntu3.4,dpkg,munoz_fault,1746182376.489552
libuv1:amd64,1.43.0-1ubuntu0.1,dpkg,munoz_fault,1746182376.489552
libwebp7:amd64,1.2.2-2ubuntu0.22.04.2,dpkg,munoz_fault,1746182376.489552
libwebpdemux2:amd64,1.2.2-2ubuntu0.22.04.2,dpkg,munoz_fault,1746182376.489552
libwebpmux3:amd64,1.2.2-2ubuntu0.22.04.2,dpkg,munoz_fault,1746182376.489552
libwrap0:amd64,7.6.q-31build2,dpkg,munoz_fault,1746182376.489552
libx11-6:amd64,2:1.7.5-1ubuntu0.3,dpkg,munoz_fault,1746182376.489552
libx11-data,2:1.7.5-1ubuntu0.3,dpkg,munoz_fault,1746182376.489552
libx11-xcb1:amd64,2:1.7.5-1ubuntu0.3,dpkg,munoz_fault,1746182376.489552
libx265-199:amd64,3.5-2,dpkg,munoz_fault,1746182376.489552
libxapian30:amd64,1.4.18-4,dpkg,munoz_fault,1746182376.489552
libxau6:amd64,1:1.0.9-1build5,dpkg,munoz_fault,1746182376.489552
libxcb-dri2-0:amd64,1.14-3ubuntu3,dpkg,munoz_fault,1746182376.489552
libxcb-dri3-0:amd64,1.14-3ubuntu3,dpkg,munoz_fault,1746182376.489552
libxcb-glx0:amd64,1.14-3ubuntu3,dpkg,munoz_fault,1746182376.489552
libxcb-present0:amd64,1.14-3ubuntu3,dpkg,munoz_fault,1746182376.489552
libxcb-randr0:amd64,1.14-3ubuntu3,dpkg,munoz_fault,1746182376.489552
libxcb-shm0:amd64,1.14-3ubuntu3,dpkg,munoz_fault,1746182376.489552
libxcb-sync1:amd64,1.14-3ubuntu3,dpkg,munoz_fault,1746182376.489552
libxcb-xfixes0:amd64,1.14-3ubuntu3,dpkg,munoz_fault,1746182376.489552
libxcb1:amd64,1.14-3ubuntu3,dpkg,munoz_fault,1746182376.489552
libxdmcp6:amd64,1:1.1.3-0ubuntu5,dpkg,munoz_fault,1746182376.489552
libxext6:amd64,2:1.3.4-1build1,dpkg,munoz_fault,1746182376.489552
libxfixes3:amd64,1:6.0.0-1,dpkg,munoz_fault,1746182376.489552
libxi6:amd64,2:1.8-1build1,dpkg,munoz_fault,1746182376.489552
libxml2:amd64,2.9.13+dfsg-1ubuntu0.7,dpkg,munoz_fault,1746182376.489552
libxml2-dev:amd64,2.9.13+dfsg-1ubuntu0.7,dpkg,munoz_fault,1746182376.489552
libxmlb2:amd64,0.3.6-2build1,dpkg,munoz_fault,1746182376.489552
libxrender1:amd64,1:0.9.10-1build4,dpkg,munoz_fault,1746182376.489552
libxshmfence1:amd64,1.3-1build4,dpkg,munoz_fault,1746182376.489552
libxtables12:amd64,1.8.7-1ubuntu5.2,dpkg,munoz_fault,1746182376.489552
libxtst6:amd64,2:1.2.3-1build4,dpkg,munoz_fault,1746182376.489552
libxxf86vm1:amd64,1:1.1.4-1build3,dpkg,munoz_fault,1746182376.489552
libxxhash0:amd64,0.8.1-1,dpkg,munoz_fault,1746182376.489552
libyaml-0-2:amd64,0.2.2-1build2,dpkg,munoz_fault,1746182376.489552
libzmq3-dev:amd64,4.3.4-2,dpkg,munoz_fault,1746182376.489552
libzmq5:amd64,4.3.4-2,dpkg,munoz_fault,1746182376.489552
libzstd1:amd64,1.4.8+dfsg-3build1,dpkg,munoz_fault,1746182376.489552
linux-libc-dev:amd64,5.15.0-139.149,dpkg,munoz_fault,1746182376.489552
login,1:4.8.1-2ubuntu2.2,dpkg,munoz_fault,1746182376.489552
logsave,1.46.5-2ubuntu1.2,dpkg,munoz_fault,1746182376.489552
lsb-base,11.1.0ubuntu4,dpkg,munoz_fault,1746182376.489552
lsb-release,11.1.0ubuntu4,dpkg,munoz_fault,1746182376.489552
lshw,02.19.git.2021.06.19.996aaad9c7-2build1,dpkg,munoz_fault,1746182376.489552
lsof,4.93.2+dfsg-1.1build2,dpkg,munoz_fault,1746182376.489552
lto-disabled-list,24,dpkg,munoz_fault,1746182376.489552
lua-lpeg:amd64,1.0.2-1,dpkg,munoz_fault,1746182376.489552
m4,1.4.18-5ubuntu2,dpkg,munoz_fault,1746182376.489552
make,4.3-4.1build1,dpkg,munoz_fault,1746182376.489552
man-db,2.10.2-1,dpkg,munoz_fault,1746182376.489552
mawk,1.3.4.20200120-3,dpkg,munoz_fault,1746182376.489552
media-types,7.0.0,dpkg,munoz_fault,1746182376.489552
mount,2.37.2-4ubuntu3.4,dpkg,munoz_fault,1746182376.489552
nasm,2.15.05-1,dpkg,munoz_fault,1746182376.489552
ncurses-base,6.3-2ubuntu0.1,dpkg,munoz_fault,1746182376.489552
ncurses-bin,6.3-2ubuntu0.1,dpkg,munoz_fault,1746182376.489552
net-tools,1.60+git20181103.0eebece-1ubuntu5,dpkg,munoz_fault,1746182376.489552
netbase,6.3,dpkg,munoz_fault,1746182376.489552
netcat,1.218-4ubuntu1,dpkg,munoz_fault,1746182376.489552
netcat-openbsd,1.218-4ubuntu1,dpkg,munoz_fault,1746182376.489552
nfs-common,1:2.6.1-1ubuntu1.2,dpkg,munoz_fault,1746182376.489552
nfs-kernel-server,1:2.6.1-1ubuntu1.2,dpkg,munoz_fault,1746182376.489552
nload,0.7.4-2build3,dpkg,munoz_fault,1746182376.489552
nmap,7.91+dfsg1+really7.80+dfsg1-2ubuntu0.1,dpkg,munoz_fault,1746182376.489552
nmap-common,7.91+dfsg1+really7.80+dfsg1-2ubuntu0.1,dpkg,munoz_fault,1746182376.489552
node-jed,1.1.1-3,dpkg,munoz_fault,1746182376.489552
openjdk-11-jdk:amd64,11.0.26+4-1ubuntu1~22.04,dpkg,munoz_fault,1746182376.489552
openjdk-11-jdk-headless:amd64,11.0.26+4-1ubuntu1~22.04,dpkg,munoz_fault,1746182376.489552
openjdk-11-jre:amd64,11.0.26+4-1ubuntu1~22.04,dpkg,munoz_fault,1746182376.489552
openjdk-11-jre-headless:amd64,11.0.26+4-1ubuntu1~22.04,dpkg,munoz_fault,1746182376.489552
openssh-client,1:8.9p1-3ubuntu0.13,dpkg,munoz_fault,1746182376.489552
openssh-server,1:8.9p1-3ubuntu0.13,dpkg,munoz_fault,1746182376.489552
openssh-sftp-server,1:8.9p1-3ubuntu0.13,dpkg,munoz_fault,1746182376.489552
openssl,3.0.2-0ubuntu1.19,dpkg,munoz_fault,1746182376.489552
p7zip,16.02+dfsg-8,dpkg,munoz_fault,1746182376.489552
p7zip-full,16.02+dfsg-8,dpkg,munoz_fault,1746182376.489552
p7zip-rar,16.02-3build1,dpkg,munoz_fault,1746182376.489552
packagekit,1.2.5-2ubuntu3,dpkg,munoz_fault,1746182376.489552
passwd,1:4.8.1-2ubuntu2.2,dpkg,munoz_fault,1746182376.489552
patch,2.7.6-7build2,dpkg,munoz_fault,1746182376.489552
perl,5.34.0-3ubuntu1.4,dpkg,munoz_fault,1746182376.489552
perl-base,5.34.0-3ubuntu1.4,dpkg,munoz_fault,1746182376.489552
perl-modules-5.34,5.34.0-3ubuntu1.4,dpkg,munoz_fault,1746182376.489552
pigz,2.6-1,dpkg,munoz_fault,1746182376.489552
pinentry-curses,1.1.1-1build2,dpkg,munoz_fault,1746182376.489552
pkexec,0.105-33,dpkg,munoz_fault,1746182376.489552
pkg-config,0.29.2-1ubuntu3,dpkg,munoz_fault,1746182376.489552
policykit-1,0.105-33,dpkg,munoz_fault,1746182376.489552
polkitd,0.105-33,dpkg,munoz_fault,1746182376.489552
procps,2:3.3.17-6ubuntu2.1,dpkg,munoz_fault,1746182376.489552
python-apt-common,2.4.0ubuntu4,dpkg,munoz_fault,1746182376.489552
python-babel-localedata,2.8.0+dfsg.1-7,dpkg,munoz_fault,1746182376.489552
python3,3.10.6-1~22.04.1,dpkg,munoz_fault,1746182376.489552
python3-apt,2.4.0ubuntu4,dpkg,munoz_fault,1746182376.489552
python3-argon2,21.1.0-1,dpkg,munoz_fault,1746182376.489552
python3-attr,21.2.0-1,dpkg,munoz_fault,1746182376.489552
python3-babel,2.8.0+dfsg.1-7,dpkg,munoz_fault,1746182376.489552
python3-backcall,0.2.0-2,dpkg,munoz_fault,1746182376.489552
python3-bleach,4.1.0-1,dpkg,munoz_fault,1746182376.489552
python3-blinker,1.4+dfsg1-0.4,dpkg,munoz_fault,1746182376.489552
python3-cffi-backend:amd64,1.15.0-1build2,dpkg,munoz_fault,1746182376.489552
python3-cryptography,3.4.8-1ubuntu2.2,dpkg,munoz_fault,1746182376.489552
python3-dateutil,2.8.1-6,dpkg,munoz_fault,1746182376.489552
python3-dbus,1.2.18-3build1,dpkg,munoz_fault,1746182376.489552
python3-decorator,4.4.2-0ubuntu1,dpkg,munoz_fault,1746182376.489552
python3-defusedxml,0.7.1-1,dpkg,munoz_fault,1746182376.489552
python3-distlib,0.3.4-1,dpkg,munoz_fault,1746182376.489552
python3-distro,1.7.0-1,dpkg,munoz_fault,1746182376.489552
python3-distutils,3.10.8-1~22.04,dpkg,munoz_fault,1746182376.489552
python3-entrypoints,0.4-1,dpkg,munoz_fault,1746182376.489552
python3-filelock,3.6.0-1,dpkg,munoz_fault,1746182376.489552
python3-gi,3.42.1-0ubuntu1,dpkg,munoz_fault,1746182376.489552
python3-html5lib,1.1-3,dpkg,munoz_fault,1746182376.489552
python3-httplib2,0.20.2-2,dpkg,munoz_fault,1746182376.489552
python3-importlib-metadata,4.6.4-1,dpkg,munoz_fault,1746182376.489552
python3-ipykernel,6.7.0-1,dpkg,munoz_fault,1746182376.489552
python3-ipython,7.31.1-1,dpkg,munoz_fault,1746182376.489552
python3-ipython-genutils,0.2.0-5,dpkg,munoz_fault,1746182376.489552
python3-jedi,0.18.0-1,dpkg,munoz_fault,1746182376.489552
python3-jeepney,0.7.1-3,dpkg,munoz_fault,1746182376.489552
python3-jinja2,3.0.3-1ubuntu0.4,dpkg,munoz_fault,1746182376.489552
python3-jsonschema,3.2.0-0ubuntu2,dpkg,munoz_fault,1746182376.489552
python3-jupyter-client,7.1.2-1,dpkg,munoz_fault,1746182376.489552
python3-jupyter-core,4.9.1-1,dpkg,munoz_fault,1746182376.489552
python3-jupyterlab-pygments,0.1.2-8,dpkg,munoz_fault,1746182376.489552
python3-jwt,2.3.0-1ubuntu0.2,dpkg,munoz_fault,1746182376.489552
python3-keyring,23.5.0-1,dpkg,munoz_fault,1746182376.489552
python3-launchpadlib,1.10.16-1,dpkg,munoz_fault,1746182376.489552
python3-lazr.restfulclient,0.14.4-1,dpkg,munoz_fault,1746182376.489552
python3-lazr.uri,1.0.6-2,dpkg,munoz_fault,1746182376.489552
python3-lib2to3,3.10.8-1~22.04,dpkg,munoz_fault,1746182376.489552
python3-markupsafe,2.0.1-2build1,dpkg,munoz_fault,1746182376.489552
python3-matplotlib-inline,0.1.3-1,dpkg,munoz_fault,1746182376.489552
python3-minimal,3.10.6-1~22.04.1,dpkg,munoz_fault,1746182376.489552
python3-more-itertools,8.10.0-2,dpkg,munoz_fault,1746182376.489552
python3-nbclient,0.5.6-2,dpkg,munoz_fault,1746182376.489552
python3-nbconvert,6.4.0-1,dpkg,munoz_fault,1746182376.489552
python3-nbformat,5.1.3-1,dpkg,munoz_fault,1746182376.489552
python3-nest-asyncio,1.5.4-1,dpkg,munoz_fault,1746182376.489552
python3-notebook,6.4.8-1ubuntu0.1,dpkg,munoz_fault,1746182376.489552
python3-oauthlib,3.2.0-1ubuntu0.1,dpkg,munoz_fault,1746182376.489552
python3-packaging,21.3-1,dpkg,munoz_fault,1746182376.489552
python3-pandocfilters,1.5.0-1,dpkg,munoz_fault,1746182376.489552
python3-parso,0.8.1-1,dpkg,munoz_fault,1746182376.489552
python3-pathspec,0.9.0-1,dpkg,munoz_fault,1746182376.489552
python3-pexpect,4.8.0-2ubuntu1,dpkg,munoz_fault,1746182376.489552
python3-pickleshare,0.7.5-5,dpkg,munoz_fault,1746182376.489552
python3-pip,22.0.2+dfsg-1ubuntu0.5,dpkg,munoz_fault,1746182376.489552
python3-pip-whl,22.0.2+dfsg-1ubuntu0.5,dpkg,munoz_fault,1746182376.489552
python3-pkg-resources,59.6.0-1.2ubuntu0.22.04.2,dpkg,munoz_fault,1746182376.489552
python3-platformdirs,2.5.1-1,dpkg,munoz_fault,1746182376.489552
python3-prometheus-client,0.9.0-1,dpkg,munoz_fault,1746182376.489552
python3-prompt-toolkit,3.0.28-1,dpkg,munoz_fault,1746182376.489552
python3-ptyprocess,0.7.0-3,dpkg,munoz_fault,1746182376.489552
python3-py,1.10.0-1,dpkg,munoz_fault,1746182376.489552
python3-pygments,2.11.2+dfsg-2ubuntu0.1,dpkg,munoz_fault,1746182376.489552
python3-pyparsing,2.4.7-1,dpkg,munoz_fault,1746182376.489552
python3-pyrsistent:amd64,0.18.1-1build1,dpkg,munoz_fault,1746182376.489552
python3-secretstorage,3.3.1-1,dpkg,munoz_fault,1746182376.489552
python3-send2trash,1.8.1~b0-1,dpkg,munoz_fault,1746182376.489552
python3-setuptools,59.6.0-1.2ubuntu0.22.04.2,dpkg,munoz_fault,1746182376.489552
python3-setuptools-whl,59.6.0-1.2ubuntu0.22.04.2,dpkg,munoz_fault,1746182376.489552
python3-six,1.16.0-3ubuntu1,dpkg,munoz_fault,1746182376.489552
python3-software-properties,0.99.22.9,dpkg,munoz_fault,1746182376.489552
python3-terminado,0.13.1-1,dpkg,munoz_fault,1746182376.489552
python3-testpath,0.5.0+dfsg-1,dpkg,munoz_fault,1746182376.489552
python3-tornado,6.1.0-3build1,dpkg,munoz_fault,1746182376.489552
python3-traitlets,5.1.1-1,dpkg,munoz_fault,1746182376.489552
python3-tz,2022.1-1ubuntu0.22.04.1,dpkg,munoz_fault,1746182376.489552
python3-virtualenv,20.13.0+ds-2,dpkg,munoz_fault,1746182376.489552
python3-wadllib,1.3.6-1,dpkg,munoz_fault,1746182376.489552
python3-wcwidth,0.2.5+dfsg1-1,dpkg,munoz_fault,1746182376.489552
python3-webencodings,0.5.1-4,dpkg,munoz_fault,1746182376.489552
python3-wheel,0.37.1-2ubuntu0.22.04.1,dpkg,munoz_fault,1746182376.489552
python3-wheel-whl,0.37.1-2ubuntu0.22.04.1,dpkg,munoz_fault,1746182376.489552
python3-yaml,5.4.1-1ubuntu1,dpkg,munoz_fault,1746182376.489552
python3-zipp,1.0.0-3ubuntu0.1,dpkg,munoz_fault,1746182376.489552
python3-zmq,22.3.0-1build1,dpkg,munoz_fault,1746182376.489552
python3.10,3.10.12-1~22.04.9,dpkg,munoz_fault,1746182376.489552
python3.10-minimal,3.10.12-1~22.04.9,dpkg,munoz_fault,1746182376.489552
readline-common,8.1.2-1,dpkg,munoz_fault,1746182376.489552
rpcbind,1.2.6-2build1,dpkg,munoz_fault,1746182376.489552
rpcsvc-proto,1.4.2-0ubuntu6,dpkg,munoz_fault,1746182376.489552
rsync,3.2.7-0ubuntu0.22.04.4,dpkg,munoz_fault,1746182376.489552
runc,1.1.12-0ubuntu2~22.04.1,dpkg,munoz_fault,1746182376.489552
sed,4.8-1ubuntu2,dpkg,munoz_fault,1746182376.489552
sensible-utils,0.0.17,dpkg,munoz_fault,1746182376.489552
software-properties-common,0.99.22.9,dpkg,munoz_fault,1746182376.489552
strace,5.16-0ubuntu3,dpkg,munoz_fault,1746182376.489552
subversion,1.14.1-3ubuntu0.22.04.1,dpkg,munoz_fault,1746182376.489552
sudo,1.9.9-1ubuntu2.4,dpkg,munoz_fault,1746182376.489552
systemd,249.11-0ubuntu3.15,dpkg,munoz_fault,1746182376.489552
systemd-sysv,249.11-0ubuntu3.15,dpkg,munoz_fault,1746182376.489552
sysvinit-utils,3.01-1ubuntu1,dpkg,munoz_fault,1746182376.489552
tar,1.34+dfsg-1ubuntu0.1.22.04.2,dpkg,munoz_fault,1746182376.489552
tzdata,2025b-0ubuntu0.22.04,dpkg,munoz_fault,1746182376.489552
ubuntu-fan,0.12.16,dpkg,munoz_fault,1746182376.489552
ubuntu-keyring,2021.03.26,dpkg,munoz_fault,1746182376.489552
ubuntu-restricted-addons,26,dpkg,munoz_fault,1746182376.489552
ubuntu-restricted-extras,67,dpkg,munoz_fault,1746182376.489552
ucf,3.0043,dpkg,munoz_fault,1746182376.489552
unrar,1:6.1.5-1ubuntu0.1,dpkg,munoz_fault,1746182376.489552
unzip,6.0-26ubuntu3.2,dpkg,munoz_fault,1746182376.489552
usrmerge,25ubuntu2,dpkg,munoz_fault,1746182376.489552
util-linux,2.37.2-4ubuntu3.4,dpkg,munoz_fault,1746182376.489552
valgrind,1:3.18.1-1ubuntu2,dpkg,munoz_fault,1746182376.489552
vim,2:8.2.3995-1ubuntu2.24,dpkg,munoz_fault,1746182376.489552
vim-common,2:8.2.3995-1ubuntu2.24,dpkg,munoz_fault,1746182376.489552
vim-runtime,2:8.2.3995-1ubuntu2.24,dpkg,munoz_fault,1746182376.489552
virtualenv,20.13.0+ds-2,dpkg,munoz_fault,1746182376.489552
wget,1.21.2-2ubuntu1.1,dpkg,munoz_fault,1746182376.489552
x11-common,1:7.7+23ubuntu2,dpkg,munoz_fault,1746182376.489552
xxd,2:8.2.3995-1ubuntu2.24,dpkg,munoz_fault,1746182376.489552
xz-utils,5.2.5-2ubuntu1,dpkg,munoz_fault,1746182376.489552
yamllint,1.26.3-1,dpkg,munoz_fault,1746182376.489552
zip,3.0-12build2,dpkg,munoz_fault,1746182376.489552
zlib1g:amd64,1:1.2.11.dfsg-2ubuntu9.2,dpkg,munoz_fault,1746182376.489552
zlib1g-dev:amd64,1:1.2.11.dfsg-2ubuntu9.2,dpkg,munoz_fault,1746182376.489552
mpich-4.1.1,ee30471b35ef87f4c88f871a5e2ad3811cd9c4df32fd4f138443072ff4284ca2,misc,munoz_fault,1746182376.489552
