adduser,3.118ubuntu5,dpkg,wolff_fast,1741786475.20206
apt,2.4.13,dpkg,wolff_fast,1741786475.20206
autoconf,2.71-2,dpkg,wolff_fast,1741786475.20206
automake,1:1.16.5-1.3,dpkg,wolff_fast,1741786475.20206
autotools-dev,20220109.1,dpkg,wolff_fast,1741786475.20206
base-files,12ubuntu4.7,dpkg,wolff_fast,1741786475.20206
base-passwd,3.5.52build1,dpkg,wolff_fast,1741786475.20206
bash,5.1-6ubuntu1.1,dpkg,wolff_fast,1741786475.20206
binutils,2.38-4ubuntu2.7,dpkg,wolff_fast,1741786475.20206
binutils-common:amd64,2.38-4ubuntu2.7,dpkg,wolff_fast,1741786475.20206
binutils-x86-64-linux-gnu,2.38-4ubuntu2.7,dpkg,wolff_fast,1741786475.20206
bsdutils,1:2.37.2-4ubuntu3.4,dpkg,wolff_fast,1741786475.20206
build-essential,12.9ubuntu3,dpkg,wolff_fast,1741786475.20206
bzip2,1.0.8-5build1,dpkg,wolff_fast,1741786475.20206
ca-certificates,20240203~22.04.1,dpkg,wolff_fast,1741786475.20206
cmake,3.22.1-1ubuntu1.22.04.2,dpkg,wolff_fast,1741786475.20206
cmake-data,3.22.1-1ubuntu1.22.04.2,dpkg,wolff_fast,1741786475.20206
coreutils,8.32-4.1ubuntu1.2,dpkg,wolff_fast,1741786475.20206
cpp,4:11.2.0-1ubuntu1,dpkg,wolff_fast,1741786475.20206
cpp-11,11.4.0-1ubuntu1~22.04,dpkg,wolff_fast,1741786475.20206
cpp-12,12.3.0-1ubuntu1~22.04,dpkg,wolff_fast,1741786475.20206
dash,0.5.11+git20210903+057cd650a4ed-3build1,dpkg,wolff_fast,1741786475.20206
debconf,1.5.79ubuntu1,dpkg,wolff_fast,1741786475.20206
debianutils,5.5-1ubuntu2,dpkg,wolff_fast,1741786475.20206
dh-elpa-helper,2.0.9ubuntu1,dpkg,wolff_fast,1741786475.20206
diffutils,1:3.8-0ubuntu2,dpkg,wolff_fast,1741786475.20206
dpkg,1.21.1ubuntu2.3,dpkg,wolff_fast,1741786475.20206
dpkg-dev,1.21.1ubuntu2.3,dpkg,wolff_fast,1741786475.20206
e2fsprogs,1.46.5-2ubuntu1.2,dpkg,wolff_fast,1741786475.20206
emacsen-common,3.0.4,dpkg,wolff_fast,1741786475.20206
findutils,4.8.0-1ubuntu3,dpkg,wolff_fast,1741786475.20206
g++,4:11.2.0-1ubuntu1,dpkg,wolff_fast,1741786475.20206
g++-11,11.4.0-1ubuntu1~22.04,dpkg,wolff_fast,1741786475.20206
g++-12,12.3.0-1ubuntu1~22.04,dpkg,wolff_fast,1741786475.20206
gcc,4:11.2.0-1ubuntu1,dpkg,wolff_fast,1741786475.20206
gcc-11,11.4.0-1ubuntu1~22.04,dpkg,wolff_fast,1741786475.20206
gcc-11-base:amd64,11.4.0-1ubuntu1~22.04,dpkg,wolff_fast,1741786475.20206
gcc-12,12.3.0-1ubuntu1~22.04,dpkg,wolff_fast,1741786475.20206
gcc-12-base:amd64,12.3.0-1ubuntu1~22.04,dpkg,wolff_fast,1741786475.20206
gfortran-11,11.4.0-1ubuntu1~22.04,dpkg,wolff_fast,1741786475.20206
git,1:2.34.1-1ubuntu1.12,dpkg,wolff_fast,1741786475.20206
git-man,1:2.34.1-1ubuntu1.12,dpkg,wolff_fast,1741786475.20206
googletest,1.11.0-3,dpkg,wolff_fast,1741786475.20206
gpgv,2.2.27-3ubuntu2.1,dpkg,wolff_fast,1741786475.20206
grep,3.7-1build1,dpkg,wolff_fast,1741786475.20206
gzip,1.10-4ubuntu4.1,dpkg,wolff_fast,1741786475.20206
hostname,3.23ubuntu2,dpkg,wolff_fast,1741786475.20206
ibverbs-providers:amd64,39.0-1,dpkg,wolff_fast,1741786475.20206
icu-devtools,70.1-2,dpkg,wolff_fast,1741786475.20206
init-system-helpers,1.62,dpkg,wolff_fast,1741786475.20206
libacl1:amd64,2.3.1-1,dpkg,wolff_fast,1741786475.20206
libaio-dev:amd64,0.3.112-13build1,dpkg,wolff_fast,1741786475.20206
libaio1:amd64,0.3.112-13build1,dpkg,wolff_fast,1741786475.20206
libapt-pkg6.0:amd64,2.4.13,dpkg,wolff_fast,1741786475.20206
libarchive13:amd64,3.6.0-1ubuntu1.3,dpkg,wolff_fast,1741786475.20206
libasan6:amd64,11.4.0-1ubuntu1~22.04,dpkg,wolff_fast,1741786475.20206
libasan8:amd64,12.3.0-1ubuntu1~22.04,dpkg,wolff_fast,1741786475.20206
libatomic1:amd64,12.3.0-1ubuntu1~22.04,dpkg,wolff_fast,1741786475.20206
libattr1:amd64,1:2.5.1-1build1,dpkg,wolff_fast,1741786475.20206
libaudit-common,1:3.0.7-1build1,dpkg,wolff_fast,1741786475.20206
libaudit1:amd64,1:3.0.7-1build1,dpkg,wolff_fast,1741786475.20206
libbinutils:amd64,2.38-4ubuntu2.7,dpkg,wolff_fast,1741786475.20206
libblkid1:amd64,2.37.2-4ubuntu3.4,dpkg,wolff_fast,1741786475.20206
libboost-all-dev,1.74.0.3ubuntu7,dpkg,wolff_fast,1741786475.20206
libboost-atomic-dev:amd64,1.74.0.3ubuntu7,dpkg,wolff_fast,1741786475.20206
libboost-atomic1.74-dev:amd64,1.74.0-14ubuntu3,dpkg,wolff_fast,1741786475.20206
libboost-atomic1.74.0:amd64,1.74.0-14ubuntu3,dpkg,wolff_fast,1741786475.20206
libboost-chrono-dev:amd64,1.74.0.3ubuntu7,dpkg,wolff_fast,1741786475.20206
libboost-chrono1.74-dev:amd64,1.74.0-14ubuntu3,dpkg,wolff_fast,1741786475.20206
libboost-chrono1.74.0:amd64,1.74.0-14ubuntu3,dpkg,wolff_fast,1741786475.20206
libboost-container-dev:amd64,1.74.0.3ubuntu7,dpkg,wolff_fast,1741786475.20206
libboost-container1.74-dev:amd64,1.74.0-14ubuntu3,dpkg,wolff_fast,1741786475.20206
libboost-container1.74.0:amd64,1.74.0-14ubuntu3,dpkg,wolff_fast,1741786475.20206
libboost-context-dev:amd64,1.74.0.3ubuntu7,dpkg,wolff_fast,1741786475.20206
libboost-context1.74-dev:amd64,1.74.0-14ubuntu3,dpkg,wolff_fast,1741786475.20206
libboost-context1.74.0:amd64,1.74.0-14ubuntu3,dpkg,wolff_fast,1741786475.20206
libboost-coroutine-dev:amd64,1.74.0.3ubuntu7,dpkg,wolff_fast,1741786475.20206
libboost-coroutine1.74-dev:amd64,1.74.0-14ubuntu3,dpkg,wolff_fast,1741786475.20206
libboost-coroutine1.74.0:amd64,1.74.0-14ubuntu3,dpkg,wolff_fast,1741786475.20206
libboost-date-time-dev:amd64,1.74.0.3ubuntu7,dpkg,wolff_fast,1741786475.20206
libboost-date-time1.74-dev:amd64,1.74.0-14ubuntu3,dpkg,wolff_fast,1741786475.20206
libboost-date-time1.74.0:amd64,1.74.0-14ubuntu3,dpkg,wolff_fast,1741786475.20206
libboost-dev:amd64,1.74.0.3ubuntu7,dpkg,wolff_fast,1741786475.20206
libboost-exception-dev:amd64,1.74.0.3ubuntu7,dpkg,wolff_fast,1741786475.20206
libboost-exception1.74-dev:amd64,1.74.0-14ubuntu3,dpkg,wolff_fast,1741786475.20206
libboost-fiber-dev:amd64,1.74.0.3ubuntu7,dpkg,wolff_fast,1741786475.20206
libboost-fiber1.74-dev:amd64,1.74.0-14ubuntu3,dpkg,wolff_fast,1741786475.20206
libboost-fiber1.74.0:amd64,1.74.0-14ubuntu3,dpkg,wolff_fast,1741786475.20206
libboost-filesystem-dev:amd64,1.74.0.3ubuntu7,dpkg,wolff_fast,1741786475.20206
libboost-filesystem1.74-dev:amd64,1.74.0-14ubuntu3,dpkg,wolff_fast,1741786475.20206
libboost-filesystem1.74.0:amd64,1.74.0-14ubuntu3,dpkg,wolff_fast,1741786475.20206
libboost-graph-dev:amd64,1.74.0.3ubuntu7,dpkg,wolff_fast,1741786475.20206
libboost-graph-parallel-dev,1.74.0.3ubuntu7,dpkg,wolff_fast,1741786475.20206
libboost-graph-parallel1.74-dev,1.74.0-14ubuntu3,dpkg,wolff_fast,1741786475.20206
libboost-graph-parallel1.74.0,1.74.0-14ubuntu3,dpkg,wolff_fast,1741786475.20206
libboost-graph1.74-dev:amd64,1.74.0-14ubuntu3,dpkg,wolff_fast,1741786475.20206
libboost-graph1.74.0:amd64,1.74.0-14ubuntu3,dpkg,wolff_fast,1741786475.20206
libboost-iostreams-dev:amd64,1.74.0.3ubuntu7,dpkg,wolff_fast,1741786475.20206
libboost-iostreams1.74-dev:amd64,1.74.0-14ubuntu3,dpkg,wolff_fast,1741786475.20206
libboost-iostreams1.74.0:amd64,1.74.0-14ubuntu3,dpkg,wolff_fast,1741786475.20206
libboost-locale-dev:amd64,1.74.0.3ubuntu7,dpkg,wolff_fast,1741786475.20206
libboost-locale1.74-dev:amd64,1.74.0-14ubuntu3,dpkg,wolff_fast,1741786475.20206
libboost-locale1.74.0:amd64,1.74.0-14ubuntu3,dpkg,wolff_fast,1741786475.20206
libboost-log-dev,1.74.0.3ubuntu7,dpkg,wolff_fast,1741786475.20206
libboost-log1.74-dev,1.74.0-14ubuntu3,dpkg,wolff_fast,1741786475.20206
libboost-log1.74.0,1.74.0-14ubuntu3,dpkg,wolff_fast,1741786475.20206
libboost-math-dev:amd64,1.74.0.3ubuntu7,dpkg,wolff_fast,1741786475.20206
libboost-math1.74-dev:amd64,1.74.0-14ubuntu3,dpkg,wolff_fast,1741786475.20206
libboost-math1.74.0:amd64,1.74.0-14ubuntu3,dpkg,wolff_fast,1741786475.20206
libboost-mpi-dev,1.74.0.3ubuntu7,dpkg,wolff_fast,1741786475.20206
libboost-mpi-python-dev,1.74.0.3ubuntu7,dpkg,wolff_fast,1741786475.20206
libboost-mpi-python1.74-dev,1.74.0-14ubuntu3,dpkg,wolff_fast,1741786475.20206
libboost-mpi-python1.74.0,1.74.0-14ubuntu3,dpkg,wolff_fast,1741786475.20206
libboost-mpi1.74-dev,1.74.0-14ubuntu3,dpkg,wolff_fast,1741786475.20206
libboost-mpi1.74.0,1.74.0-14ubuntu3,dpkg,wolff_fast,1741786475.20206
libboost-nowide-dev,1.74.0.3ubuntu7,dpkg,wolff_fast,1741786475.20206
libboost-nowide1.74-dev,1.74.0-14ubuntu3,dpkg,wolff_fast,1741786475.20206
libboost-nowide1.74.0,1.74.0-14ubuntu3,dpkg,wolff_fast,1741786475.20206
libboost-numpy-dev,1.74.0.3ubuntu7,dpkg,wolff_fast,1741786475.20206
libboost-numpy1.74-dev,1.74.0-14ubuntu3,dpkg,wolff_fast,1741786475.20206
libboost-numpy1.74.0,1.74.0-14ubuntu3,dpkg,wolff_fast,1741786475.20206
libboost-program-options-dev:amd64,1.74.0.3ubuntu7,dpkg,wolff_fast,1741786475.20206
libboost-program-options1.74-dev:amd64,1.74.0-14ubuntu3,dpkg,wolff_fast,1741786475.20206
libboost-program-options1.74.0:amd64,1.74.0-14ubuntu3,dpkg,wolff_fast,1741786475.20206
libboost-python-dev,1.74.0.3ubuntu7,dpkg,wolff_fast,1741786475.20206
libboost-python1.74-dev,1.74.0-14ubuntu3,dpkg,wolff_fast,1741786475.20206
libboost-python1.74.0,1.74.0-14ubuntu3,dpkg,wolff_fast,1741786475.20206
libboost-random-dev:amd64,1.74.0.3ubuntu7,dpkg,wolff_fast,1741786475.20206
libboost-random1.74-dev:amd64,1.74.0-14ubuntu3,dpkg,wolff_fast,1741786475.20206
libboost-random1.74.0:amd64,1.74.0-14ubuntu3,dpkg,wolff_fast,1741786475.20206
libboost-regex-dev:amd64,1.74.0.3ubuntu7,dpkg,wolff_fast,1741786475.20206
libboost-regex1.74-dev:amd64,1.74.0-14ubuntu3,dpkg,wolff_fast,1741786475.20206
libboost-regex1.74.0:amd64,1.74.0-14ubuntu3,dpkg,wolff_fast,1741786475.20206
libboost-serialization-dev:amd64,1.74.0.3ubuntu7,dpkg,wolff_fast,1741786475.20206
libboost-serialization1.74-dev:amd64,1.74.0-14ubuntu3,dpkg,wolff_fast,1741786475.20206
libboost-serialization1.74.0:amd64,1.74.0-14ubuntu3,dpkg,wolff_fast,1741786475.20206
libboost-stacktrace-dev:amd64,1.74.0.3ubuntu7,dpkg,wolff_fast,1741786475.20206
libboost-stacktrace1.74-dev:amd64,1.74.0-14ubuntu3,dpkg,wolff_fast,1741786475.20206
libboost-stacktrace1.74.0:amd64,1.74.0-14ubuntu3,dpkg,wolff_fast,1741786475.20206
libboost-system-dev:amd64,1.74.0.3ubuntu7,dpkg,wolff_fast,1741786475.20206
libboost-system1.74-dev:amd64,1.74.0-14ubuntu3,dpkg,wolff_fast,1741786475.20206
libboost-system1.74.0:amd64,1.74.0-14ubuntu3,dpkg,wolff_fast,1741786475.20206
libboost-test-dev:amd64,1.74.0.3ubuntu7,dpkg,wolff_fast,1741786475.20206
libboost-test1.74-dev:amd64,1.74.0-14ubuntu3,dpkg,wolff_fast,1741786475.20206
libboost-test1.74.0:amd64,1.74.0-14ubuntu3,dpkg,wolff_fast,1741786475.20206
libboost-thread-dev:amd64,1.74.0.3ubuntu7,dpkg,wolff_fast,1741786475.20206
libboost-thread1.74-dev:amd64,1.74.0-14ubuntu3,dpkg,wolff_fast,1741786475.20206
libboost-thread1.74.0:amd64,1.74.0-14ubuntu3,dpkg,wolff_fast,1741786475.20206
libboost-timer-dev:amd64,1.74.0.3ubuntu7,dpkg,wolff_fast,1741786475.20206
libboost-timer1.74-dev:amd64,1.74.0-14ubuntu3,dpkg,wolff_fast,1741786475.20206
libboost-timer1.74.0:amd64,1.74.0-14ubuntu3,dpkg,wolff_fast,1741786475.20206
libboost-tools-dev,1.74.0.3ubuntu7,dpkg,wolff_fast,1741786475.20206
libboost-type-erasure-dev:amd64,1.74.0.3ubuntu7,dpkg,wolff_fast,1741786475.20206
libboost-type-erasure1.74-dev:amd64,1.74.0-14ubuntu3,dpkg,wolff_fast,1741786475.20206
libboost-type-erasure1.74.0:amd64,1.74.0-14ubuntu3,dpkg,wolff_fast,1741786475.20206
libboost-wave-dev:amd64,1.74.0.3ubuntu7,dpkg,wolff_fast,1741786475.20206
libboost-wave1.74-dev:amd64,1.74.0-14ubuntu3,dpkg,wolff_fast,1741786475.20206
libboost-wave1.74.0:amd64,1.74.0-14ubuntu3,dpkg,wolff_fast,1741786475.20206
libboost1.74-dev:amd64,1.74.0-14ubuntu3,dpkg,wolff_fast,1741786475.20206
libboost1.74-tools-dev,1.74.0-14ubuntu3,dpkg,wolff_fast,1741786475.20206
libbrotli1:amd64,1.0.9-2build6,dpkg,wolff_fast,1741786475.20206
libbsd0:amd64,0.11.5-1,dpkg,wolff_fast,1741786475.20206
libbz2-1.0:amd64,1.0.8-5build1,dpkg,wolff_fast,1741786475.20206
libc-bin,2.35-0ubuntu3.8,dpkg,wolff_fast,1741786475.20206
libc-dev-bin,2.35-0ubuntu3.9,dpkg,wolff_fast,1741786475.20206
libc6:amd64,2.35-0ubuntu3.9,dpkg,wolff_fast,1741786475.20206
libc6-dev:amd64,2.35-0ubuntu3.9,dpkg,wolff_fast,1741786475.20206
libcap-ng0:amd64,0.7.9-2.2build3,dpkg,wolff_fast,1741786475.20206
libcap2:amd64,1:2.44-1ubuntu0.22.04.1,dpkg,wolff_fast,1741786475.20206
libcbor0.8:amd64,0.8.0-2ubuntu1,dpkg,wolff_fast,1741786475.20206
libcc1-0:amd64,12.3.0-1ubuntu1~22.04,dpkg,wolff_fast,1741786475.20206
libcom-err2:amd64,1.46.5-2ubuntu1.2,dpkg,wolff_fast,1741786475.20206
libcrypt-dev:amd64,1:4.4.27-1,dpkg,wolff_fast,1741786475.20206
libcrypt1:amd64,1:4.4.27-1,dpkg,wolff_fast,1741786475.20206
libctf-nobfd0:amd64,2.38-4ubuntu2.7,dpkg,wolff_fast,1741786475.20206
libctf0:amd64,2.38-4ubuntu2.7,dpkg,wolff_fast,1741786475.20206
libcurl3-gnutls:amd64,7.81.0-1ubuntu1.20,dpkg,wolff_fast,1741786475.20206
libcurl4:amd64,7.81.0-1ubuntu1.20,dpkg,wolff_fast,1741786475.20206
libdb5.3:amd64,5.3.28+dfsg1-0.8ubuntu3,dpkg,wolff_fast,1741786475.20206
libdebconfclient0:amd64,0.261ubuntu1,dpkg,wolff_fast,1741786475.20206
libdouble-conversion-dev:amd64,3.1.7-4,dpkg,wolff_fast,1741786475.20206
libdouble-conversion3:amd64,3.1.7-4,dpkg,wolff_fast,1741786475.20206
libdpkg-perl,1.21.1ubuntu2.3,dpkg,wolff_fast,1741786475.20206
libdwarf-dev:amd64,20210528-1,dpkg,wolff_fast,1741786475.20206
libdwarf1:amd64,20210528-1,dpkg,wolff_fast,1741786475.20206
libedit2:amd64,3.1-20210910-1build1,dpkg,wolff_fast,1741786475.20206
libelf1:amd64,0.186-1build1,dpkg,wolff_fast,1741786475.20206
liberror-perl,0.17029-1,dpkg,wolff_fast,1741786475.20206
libevent-2.1-7:amd64,2.1.12-stable-1build3,dpkg,wolff_fast,1741786475.20206
libevent-core-2.1-7:amd64,2.1.12-stable-1build3,dpkg,wolff_fast,1741786475.20206
libevent-dev,2.1.12-stable-1build3,dpkg,wolff_fast,1741786475.20206
libevent-extra-2.1-7:amd64,2.1.12-stable-1build3,dpkg,wolff_fast,1741786475.20206
libevent-openssl-2.1-7:amd64,2.1.12-stable-1build3,dpkg,wolff_fast,1741786475.20206
libevent-pthreads-2.1-7:amd64,2.1.12-stable-1build3,dpkg,wolff_fast,1741786475.20206
libexpat1:amd64,2.4.7-1ubuntu0.5,dpkg,wolff_fast,1741786475.20206
libexpat1-dev:amd64,2.4.7-1ubuntu0.5,dpkg,wolff_fast,1741786475.20206
libext2fs2:amd64,1.46.5-2ubuntu1.2,dpkg,wolff_fast,1741786475.20206
libfabric1:amd64,1.11.0-3,dpkg,wolff_fast,1741786475.20206
libffi8:amd64,3.4.2-4,dpkg,wolff_fast,1741786475.20206
libfido2-1:amd64,1.10.0-1,dpkg,wolff_fast,1741786475.20206
libgcc-11-dev:amd64,11.4.0-1ubuntu1~22.04,dpkg,wolff_fast,1741786475.20206
libgcc-12-dev:amd64,12.3.0-1ubuntu1~22.04,dpkg,wolff_fast,1741786475.20206
libgcc-s1:amd64,12.3.0-1ubuntu1~22.04,dpkg,wolff_fast,1741786475.20206
libgcrypt20:amd64,1.9.4-3ubuntu3,dpkg,wolff_fast,1741786475.20206
libgdbm-compat4:amd64,1.23-1,dpkg,wolff_fast,1741786475.20206
libgdbm6:amd64,1.23-1,dpkg,wolff_fast,1741786475.20206
libgflags-dev,2.2.2-2,dpkg,wolff_fast,1741786475.20206
libgflags2.2,2.2.2-2,dpkg,wolff_fast,1741786475.20206
libgfortran-11-dev:amd64,11.4.0-1ubuntu1~22.04,dpkg,wolff_fast,1741786475.20206
libgfortran5:amd64,12.3.0-1ubuntu1~22.04,dpkg,wolff_fast,1741786475.20206
libgmock-dev:amd64,1.11.0-3,dpkg,wolff_fast,1741786475.20206
libgmp10:amd64,2:6.2.1+dfsg-3ubuntu1,dpkg,wolff_fast,1741786475.20206
libgnutls30:amd64,3.7.3-4ubuntu1.5,dpkg,wolff_fast,1741786475.20206
libgomp1:amd64,12.3.0-1ubuntu1~22.04,dpkg,wolff_fast,1741786475.20206
libgoogle-glog-dev,0.5.0+really0.4.0-2,dpkg,wolff_fast,1741786475.20206
libgoogle-glog0v5,0.5.0+really0.4.0-2,dpkg,wolff_fast,1741786475.20206
libgpg-error0:amd64,1.43-3,dpkg,wolff_fast,1741786475.20206
libgssapi-krb5-2:amd64,1.19.2-2ubuntu0.4,dpkg,wolff_fast,1741786475.20206
libgtest-dev:amd64,1.11.0-3,dpkg,wolff_fast,1741786475.20206
libhogweed6:amd64,3.7.3-1build2,dpkg,wolff_fast,1741786475.20206
libhwloc-dev:amd64,2.7.0-2ubuntu1,dpkg,wolff_fast,1741786475.20206
libhwloc-plugins:amd64,2.7.0-2ubuntu1,dpkg,wolff_fast,1741786475.20206
libhwloc15:amd64,2.7.0-2ubuntu1,dpkg,wolff_fast,1741786475.20206
libiberty-dev:amd64,20211102-1build1,dpkg,wolff_fast,1741786475.20206
libibverbs-dev:amd64,39.0-1,dpkg,wolff_fast,1741786475.20206
libibverbs1:amd64,39.0-1,dpkg,wolff_fast,1741786475.20206
libicu-dev:amd64,70.1-2,dpkg,wolff_fast,1741786475.20206
libicu70:amd64,70.1-2,dpkg,wolff_fast,1741786475.20206
libidn2-0:amd64,2.3.2-2build1,dpkg,wolff_fast,1741786475.20206
libisl23:amd64,0.24-2build1,dpkg,wolff_fast,1741786475.20206
libitm1:amd64,12.3.0-1ubuntu1~22.04,dpkg,wolff_fast,1741786475.20206
libjemalloc-dev,5.2.1-4ubuntu1,dpkg,wolff_fast,1741786475.20206
libjemalloc2:amd64,5.2.1-4ubuntu1,dpkg,wolff_fast,1741786475.20206
libjs-jquery,3.6.0+dfsg+~3.5.13-1,dpkg,wolff_fast,1741786475.20206
libjs-jquery-ui,1.13.1+dfsg-1,dpkg,wolff_fast,1741786475.20206
libjs-sphinxdoc,4.3.2-1,dpkg,wolff_fast,1741786475.20206
libjs-underscore,1.13.2~dfsg-2,dpkg,wolff_fast,1741786475.20206
libjsoncpp25:amd64,1.9.5-3,dpkg,wolff_fast,1741786475.20206
libk5crypto3:amd64,1.19.2-2ubuntu0.4,dpkg,wolff_fast,1741786475.20206
libkeyutils1:amd64,1.6.1-2ubuntu3,dpkg,wolff_fast,1741786475.20206
libkrb5-3:amd64,1.19.2-2ubuntu0.4,dpkg,wolff_fast,1741786475.20206
libkrb5support0:amd64,1.19.2-2ubuntu0.4,dpkg,wolff_fast,1741786475.20206
libldap-2.5-0:amd64,2.5.18+dfsg-0ubuntu0.22.04.3,dpkg,wolff_fast,1741786475.20206
liblsan0:amd64,12.3.0-1ubuntu1~22.04,dpkg,wolff_fast,1741786475.20206
libltdl-dev:amd64,2.4.6-15build2,dpkg,wolff_fast,1741786475.20206
libltdl7:amd64,2.4.6-15build2,dpkg,wolff_fast,1741786475.20206
liblz4-1:amd64,1.9.3-2build2,dpkg,wolff_fast,1741786475.20206
liblz4-dev:amd64,1.9.3-2build2,dpkg,wolff_fast,1741786475.20206
liblzma-dev:amd64,5.2.5-2ubuntu1,dpkg,wolff_fast,1741786475.20206
liblzma5:amd64,5.2.5-2ubuntu1,dpkg,wolff_fast,1741786475.20206
libmd0:amd64,1.0.4-1build1,dpkg,wolff_fast,1741786475.20206
libmount1:amd64,2.37.2-4ubuntu3.4,dpkg,wolff_fast,1741786475.20206
libmpc3:amd64,1.2.1-2build1,dpkg,wolff_fast,1741786475.20206
libmpdec3:amd64,2.5.1-2build2,dpkg,wolff_fast,1741786475.20206
libmpfr6:amd64,4.1.0-3build3,dpkg,wolff_fast,1741786475.20206
libncurses6:amd64,6.3-2ubuntu0.1,dpkg,wolff_fast,1741786475.20206
libncursesw6:amd64,6.3-2ubuntu0.1,dpkg,wolff_fast,1741786475.20206
libnettle8:amd64,3.7.3-1build2,dpkg,wolff_fast,1741786475.20206
libnghttp2-14:amd64,1.43.0-1ubuntu0.2,dpkg,wolff_fast,1741786475.20206
libnl-3-200:amd64,3.5.0-0.1,dpkg,wolff_fast,1741786475.20206
libnl-3-dev:amd64,3.5.0-0.1,dpkg,wolff_fast,1741786475.20206
libnl-route-3-200:amd64,3.5.0-0.1,dpkg,wolff_fast,1741786475.20206
libnl-route-3-dev:amd64,3.5.0-0.1,dpkg,wolff_fast,1741786475.20206
libnsl-dev:amd64,1.3.0-2build2,dpkg,wolff_fast,1741786475.20206
libnsl2:amd64,1.3.0-2build2,dpkg,wolff_fast,1741786475.20206
libnuma-dev:amd64,2.0.14-3ubuntu2,dpkg,wolff_fast,1741786475.20206
libnuma1:amd64,2.0.14-3ubuntu2,dpkg,wolff_fast,1741786475.20206
libopenmpi-dev:amd64,4.1.2-2ubuntu1,dpkg,wolff_fast,1741786475.20206
libopenmpi3:amd64,4.1.2-2ubuntu1,dpkg,wolff_fast,1741786475.20206
libp11-kit0:amd64,0.24.0-6build1,dpkg,wolff_fast,1741786475.20206
libpam-modules:amd64,1.4.0-11ubuntu2.5,dpkg,wolff_fast,1741786475.20206
libpam-modules-bin,1.4.0-11ubuntu2.5,dpkg,wolff_fast,1741786475.20206
libpam-runtime,1.4.0-11ubuntu2.5,dpkg,wolff_fast,1741786475.20206
libpam0g:amd64,1.4.0-11ubuntu2.5,dpkg,wolff_fast,1741786475.20206
libpciaccess0:amd64,0.16-3,dpkg,wolff_fast,1741786475.20206
libpcre2-8-0:amd64,10.39-3ubuntu0.1,dpkg,wolff_fast,1741786475.20206
libpcre3:amd64,2:8.39-13ubuntu0.22.04.1,dpkg,wolff_fast,1741786475.20206
libperl5.34:amd64,5.34.0-3ubuntu1.3,dpkg,wolff_fast,1741786475.20206
libpmix-dev:amd64,4.1.2-2ubuntu1,dpkg,wolff_fast,1741786475.20206
libpmix2:amd64,4.1.2-2ubuntu1,dpkg,wolff_fast,1741786475.20206
libprocps8:amd64,2:3.3.17-6ubuntu2.1,dpkg,wolff_fast,1741786475.20206
libpsl5:amd64,0.21.0-1.2build2,dpkg,wolff_fast,1741786475.20206
libpsm-infinipath1,3.3+20.604758e7-6.1,dpkg,wolff_fast,1741786475.20206
libpsm2-2,11.2.185-1,dpkg,wolff_fast,1741786475.20206
libpython3-dev:amd64,3.10.6-1~22.04.1,dpkg,wolff_fast,1741786475.20206
libpython3-stdlib:amd64,3.10.6-1~22.04.1,dpkg,wolff_fast,1741786475.20206
libpython3.10:amd64,3.10.12-1~22.04.9,dpkg,wolff_fast,1741786475.20206
libpython3.10-dev:amd64,3.10.12-1~22.04.9,dpkg,wolff_fast,1741786475.20206
libpython3.10-minimal:amd64,3.10.12-1~22.04.9,dpkg,wolff_fast,1741786475.20206
libpython3.10-stdlib:amd64,3.10.12-1~22.04.9,dpkg,wolff_fast,1741786475.20206
libquadmath0:amd64,12.3.0-1ubuntu1~22.04,dpkg,wolff_fast,1741786475.20206
librdmacm1:amd64,39.0-1,dpkg,wolff_fast,1741786475.20206
libreadline8:amd64,8.1.2-1,dpkg,wolff_fast,1741786475.20206
librhash0:amd64,1.4.2-1ubuntu1,dpkg,wolff_fast,1741786475.20206
librtmp1:amd64,2.4+20151223.gitfa8646d.1-2build4,dpkg,wolff_fast,1741786475.20206
libsasl2-2:amd64,2.1.27+dfsg2-3ubuntu1.2,dpkg,wolff_fast,1741786475.20206
libsasl2-modules-db:amd64,2.1.27+dfsg2-3ubuntu1.2,dpkg,wolff_fast,1741786475.20206
libseccomp2:amd64,2.5.3-2ubuntu2,dpkg,wolff_fast,1741786475.20206
libselinux1:amd64,3.3-1build2,dpkg,wolff_fast,1741786475.20206
libsemanage-common,3.3-1build2,dpkg,wolff_fast,1741786475.20206
libsemanage2:amd64,3.3-1build2,dpkg,wolff_fast,1741786475.20206
libsepol2:amd64,3.3-1build1,dpkg,wolff_fast,1741786475.20206
libsigsegv2:amd64,2.13-1ubuntu3,dpkg,wolff_fast,1741786475.20206
libsmartcols1:amd64,2.37.2-4ubuntu3.4,dpkg,wolff_fast,1741786475.20206
libsnappy-dev:amd64,1.1.8-1build3,dpkg,wolff_fast,1741786475.20206
libsnappy1v5:amd64,1.1.8-1build3,dpkg,wolff_fast,1741786475.20206
libsodium-dev:amd64,1.0.18-1build2,dpkg,wolff_fast,1741786475.20206
libsodium23:amd64,1.0.18-1build2,dpkg,wolff_fast,1741786475.20206
libsqlite3-0:amd64,3.37.2-2ubuntu0.3,dpkg,wolff_fast,1741786475.20206
libss2:amd64,1.46.5-2ubuntu1.2,dpkg,wolff_fast,1741786475.20206
libssh-4:amd64,0.9.6-2ubuntu0.22.04.3,dpkg,wolff_fast,1741786475.20206
libssl-dev:amd64,3.0.2-0ubuntu1.19,dpkg,wolff_fast,1741786475.20206
libssl3:amd64,3.0.2-0ubuntu1.19,dpkg,wolff_fast,1741786475.20206
libstdc++-11-dev:amd64,11.4.0-1ubuntu1~22.04,dpkg,wolff_fast,1741786475.20206
libstdc++-12-dev:amd64,12.3.0-1ubuntu1~22.04,dpkg,wolff_fast,1741786475.20206
libstdc++6:amd64,12.3.0-1ubuntu1~22.04,dpkg,wolff_fast,1741786475.20206
libsystemd0:amd64,249.11-0ubuntu3.12,dpkg,wolff_fast,1741786475.20206
libtasn1-6:amd64,4.18.0-4build1,dpkg,wolff_fast,1741786475.20206
libtinfo6:amd64,6.3-2ubuntu0.1,dpkg,wolff_fast,1741786475.20206
libtirpc-common,1.3.2-2ubuntu0.1,dpkg,wolff_fast,1741786475.20206
libtirpc-dev:amd64,1.3.2-2ubuntu0.1,dpkg,wolff_fast,1741786475.20206
libtirpc3:amd64,1.3.2-2ubuntu0.1,dpkg,wolff_fast,1741786475.20206
libtsan0:amd64,11.4.0-1ubuntu1~22.04,dpkg,wolff_fast,1741786475.20206
libtsan2:amd64,12.3.0-1ubuntu1~22.04,dpkg,wolff_fast,1741786475.20206
libubsan1:amd64,12.3.0-1ubuntu1~22.04,dpkg,wolff_fast,1741786475.20206
libucx0:amd64,1.12.1~rc2-1,dpkg,wolff_fast,1741786475.20206
libudev1:amd64,249.11-0ubuntu3.12,dpkg,wolff_fast,1741786475.20206
libunistring2:amd64,1.0-1,dpkg,wolff_fast,1741786475.20206
libunwind-dev:amd64,1.3.2-2build2.1,dpkg,wolff_fast,1741786475.20206
libunwind8:amd64,1.3.2-2build2.1,dpkg,wolff_fast,1741786475.20206
libuuid1:amd64,2.37.2-4ubuntu3.4,dpkg,wolff_fast,1741786475.20206
libuv1:amd64,1.43.0-1ubuntu0.1,dpkg,wolff_fast,1741786475.20206
libx11-6:amd64,2:1.7.5-1ubuntu0.3,dpkg,wolff_fast,1741786475.20206
libx11-data,2:1.7.5-1ubuntu0.3,dpkg,wolff_fast,1741786475.20206
libxau6:amd64,1:1.0.9-1build5,dpkg,wolff_fast,1741786475.20206
libxcb1:amd64,1.14-3ubuntu3,dpkg,wolff_fast,1741786475.20206
libxdmcp6:amd64,1:1.1.3-0ubuntu5,dpkg,wolff_fast,1741786475.20206
libxext6:amd64,2:1.3.4-1build1,dpkg,wolff_fast,1741786475.20206
libxml2:amd64,2.9.13+dfsg-1ubuntu0.6,dpkg,wolff_fast,1741786475.20206
libxnvctrl0:amd64,510.47.03-0ubuntu1,dpkg,wolff_fast,1741786475.20206
libxxhash0:amd64,0.8.1-1,dpkg,wolff_fast,1741786475.20206
libzstd-dev:amd64,1.4.8+dfsg-3build1,dpkg,wolff_fast,1741786475.20206
libzstd1:amd64,1.4.8+dfsg-3build1,dpkg,wolff_fast,1741786475.20206
linux-libc-dev:amd64,5.15.0-134.145,dpkg,wolff_fast,1741786475.20206
login,1:4.8.1-2ubuntu2.2,dpkg,wolff_fast,1741786475.20206
logsave,1.46.5-2ubuntu1.2,dpkg,wolff_fast,1741786475.20206
lsb-base,11.1.0ubuntu4,dpkg,wolff_fast,1741786475.20206
lto-disabled-list,24,dpkg,wolff_fast,1741786475.20206
m4,1.4.18-5ubuntu2,dpkg,wolff_fast,1741786475.20206
make,4.3-4.1build1,dpkg,wolff_fast,1741786475.20206
mawk,1.3.4.20200120-3,dpkg,wolff_fast,1741786475.20206
media-types,7.0.0,dpkg,wolff_fast,1741786475.20206
mount,2.37.2-4ubuntu3.4,dpkg,wolff_fast,1741786475.20206
mpi-default-bin,1.14,dpkg,wolff_fast,1741786475.20206
mpi-default-dev,1.14,dpkg,wolff_fast,1741786475.20206
ncurses-base,6.3-2ubuntu0.1,dpkg,wolff_fast,1741786475.20206
ncurses-bin,6.3-2ubuntu0.1,dpkg,wolff_fast,1741786475.20206
ninja-build,1.10.1-1,dpkg,wolff_fast,1741786475.20206
numactl,2.0.14-3ubuntu2,dpkg,wolff_fast,1741786475.20206
ocl-icd-libopencl1:amd64,2.2.14-3,dpkg,wolff_fast,1741786475.20206
openmpi-bin,4.1.2-2ubuntu1,dpkg,wolff_fast,1741786475.20206
openmpi-common,4.1.2-2ubuntu1,dpkg,wolff_fast,1741786475.20206
openssh-client,1:8.9p1-3ubuntu0.11,dpkg,wolff_fast,1741786475.20206
openssl,3.0.2-0ubuntu1.19,dpkg,wolff_fast,1741786475.20206
passwd,1:4.8.1-2ubuntu2.2,dpkg,wolff_fast,1741786475.20206
patch,2.7.6-7build2,dpkg,wolff_fast,1741786475.20206
perl,5.34.0-3ubuntu1.3,dpkg,wolff_fast,1741786475.20206
perl-base,5.34.0-3ubuntu1.3,dpkg,wolff_fast,1741786475.20206
perl-modules-5.34,5.34.0-3ubuntu1.3,dpkg,wolff_fast,1741786475.20206
procps,2:3.3.17-6ubuntu2.1,dpkg,wolff_fast,1741786475.20206
python3,3.10.6-1~22.04.1,dpkg,wolff_fast,1741786475.20206
python3-dev,3.10.6-1~22.04.1,dpkg,wolff_fast,1741786475.20206
python3-distutils,3.10.8-1~22.04,dpkg,wolff_fast,1741786475.20206
python3-lib2to3,3.10.8-1~22.04,dpkg,wolff_fast,1741786475.20206
python3-minimal,3.10.6-1~22.04.1,dpkg,wolff_fast,1741786475.20206
python3-pip,22.0.2+dfsg-1ubuntu0.5,dpkg,wolff_fast,1741786475.20206
python3-pkg-resources,59.6.0-1.2ubuntu0.22.04.2,dpkg,wolff_fast,1741786475.20206
python3-setuptools,59.6.0-1.2ubuntu0.22.04.2,dpkg,wolff_fast,1741786475.20206
python3-wheel,0.37.1-2ubuntu0.22.04.1,dpkg,wolff_fast,1741786475.20206
python3.10,3.10.12-1~22.04.9,dpkg,wolff_fast,1741786475.20206
python3.10-dev,3.10.12-1~22.04.9,dpkg,wolff_fast,1741786475.20206
python3.10-minimal,3.10.12-1~22.04.9,dpkg,wolff_fast,1741786475.20206
readline-common,8.1.2-1,dpkg,wolff_fast,1741786475.20206
rpcsvc-proto,1.4.2-0ubuntu6,dpkg,wolff_fast,1741786475.20206
sed,4.8-1ubuntu2,dpkg,wolff_fast,1741786475.20206
sensible-utils,0.0.17,dpkg,wolff_fast,1741786475.20206
sysvinit-utils,3.01-1ubuntu1,dpkg,wolff_fast,1741786475.20206
tar,1.34+dfsg-1ubuntu0.1.22.04.2,dpkg,wolff_fast,1741786475.20206
ubuntu-keyring,2021.03.26,dpkg,wolff_fast,1741786475.20206
usrmerge,25ubuntu2,dpkg,wolff_fast,1741786475.20206
util-linux,2.37.2-4ubuntu3.4,dpkg,wolff_fast,1741786475.20206
xz-utils,5.2.5-2ubuntu1,dpkg,wolff_fast,1741786475.20206
zlib1g:amd64,1:1.2.11.dfsg-2ubuntu9.2,dpkg,wolff_fast,1741786475.20206
zlib1g-dev:amd64,1:1.2.11.dfsg-2ubuntu9.2,dpkg,wolff_fast,1741786475.20206
contourpy,1.3.1,pip,wolff_fast,1741786475.20206
cycler,0.12.1,pip,wolff_fast,1741786475.20206
fonttools,4.56.0,pip,wolff_fast,1741786475.20206
kiwisolver,1.4.8,pip,wolff_fast,1741786475.20206
matplotlib,3.10.1,pip,wolff_fast,1741786475.20206
numpy,2.2.3,pip,wolff_fast,1741786475.20206
packaging,24.2,pip,wolff_fast,1741786475.20206
pillow,11.1.0,pip,wolff_fast,1741786475.20206
pip,22.0.2,pip,wolff_fast,1741786475.20206
pyparsing,3.2.1,pip,wolff_fast,1741786475.20206
python-dateutil,2.9.0.post0,pip,wolff_fast,1741786475.20206
setuptools,59.6.0,pip,wolff_fast,1741786475.20206
six,1.17.0,pip,wolff_fast,1741786475.20206
wheel,0.37.1,pip,wolff_fast,1741786475.20206
